status,country,material_group,product,manufacturer,registration_number,gwp_a1a3,declared_amount,declared_unit,gwp_a4,gwp_a5,gwp_c,gwp_d,url,reason,header_row
OK,India,cement,Dry Fly ash,JSW Energy Limited,EPD-IES-0022639:002,65.4,1.0,tonne,,,,,https://www.environdec.com/library/epd22639,,Indicator Unit A1 A2 A3 A1-A3
OK,India,cement,Keraflex Easy S1 White,Mapei Construction Products India Ltd,EPD-IES-0016397:003,0.559,1.0,kg,0.0626,0.00255,0.0387793,-0.000304,https://www.environdec.com/library/epd16397,,A1-A3 A4 A5 C1 C2 C3 C4 D
OK,Indonesia,cement,Rajawali PPC,PT Indocement Tunggal Prakarsa Tbk. (PT ITP) Unit Palimanan,EPD-IES-0010426:001 (S-P-10426),600.0,,,,,,,https://www.environdec.com/library/epd10426,,Indicator Unit A1-A3
OK,Thailand,cement,C25/30 - INSEE Cool,Siam City Cement Public Company Limited,EPD-IES-0014282:001,238.0,1.0,m3,2.16,10.5,8.330000000000002,0.0,https://www.environdec.com/library/epd14282,,Indicator Unit A1-A3 A4 A5 B1 B2-B7 C1 C2 C3 C4 D
OK,Thailand,cement,Camel Opti-flow produced in Cambodia by Chip Mong INSEE Cement Corporation,Siam City Cement Public Company Limited,EPD-IES-0011573:001 (S-P-11573),844.8,1000.0,kg,,,,,https://www.environdec.com/library/epd11573,,Indicator A1-A3 (Total) Unit
OK,Thailand,cement,Camel Strong produced in Cambodia by Chip Mong INSEE Cement Corporation,Siam City Cement Public Company Limited,EPD-IES-0011572:001 (S-P-11572),755.9,1000.0,kg,,,,,https://www.environdec.com/library/epd11572,,Indicator A1-A3 (Total) Unit
OK,Thailand,cement,Clinker produced in Cambodia by Chip Mong INSEE Cement Corporation,Siam City Cement Public Company Limited,EPD-IES-0011570:001 (S-P-11570),929.5,1000.0,kg,,,,,https://www.environdec.com/library/epd11570,,Indicator A1-A3 (Total) Unit
OK,Thailand,cement,"Clinker produced in Sri Lanka by Siam City Cement Pub Co., Ltd.",Siam City Cement Public Company Limited,EPD-IES-0004956:001 (S-P-04956),883.0,1.0,ton,,,,,https://www.environdec.com/library/epd4956,,Indicator A1-A3 (Total) Unit
OK,Thailand,cement,EPD SCG Low Carbon Structural Bag Cement,"The Concrete Products and Aggregate Co., Ltd.",EPD-IES-0015824:002,789.0,1.0,ton,,,,,https://www.environdec.com/library/epd15824,,Indicator Unit Total A1-A3
OK,Thailand,cement,EPD SCG Low Carbon Structural Bulk Cement,"The Concrete Products and Aggregate Co., Ltd.",EPD-IES-0015826:002,784.0,1.0,ton,,,,,https://www.environdec.com/library/epd15826,,Indicator Unit Total A1-A3
OK,Thailand,cement,EPD SCG Portland Bag Cement Type I,"The Concrete Products and Aggregate Co., Ltd.",EPD-IES-0015828:002,846.0,1.0,ton,,,,,https://www.environdec.com/library/epd15828,,Indicator Unit Total A1-A3
OK,Thailand,cement,EPD SCG Portland Bulk Cement Type I,"The Concrete Products and Aggregate Co., Ltd.",EPD-IES-0015831:004,841.0,1.0,ton,,,,,https://www.environdec.com/library/epd15831,,Indicator Unit Total A1-A3
OK,Thailand,cement,EPD SCG Portland Bulk Cement Type III,"The Concrete Products and Aggregate Co., Ltd.",EPD-IES-0015837:002,885.0,1.0,ton,,,,,https://www.environdec.com/library/epd15837,,Indicator Unit Total A1-A3
OK,Thailand,cement,EPD Tiger Mixed Cement,"The Concrete Products and Aggregate Co., Ltd.",EPD-IES-0015840:002,470.0,1.0,ton,,,,,https://www.environdec.com/library/epd15840,,Indicator Unit Total A1-A3
OK,Thailand,cement,EPD Tiger Special Plastering Cement,"The Concrete Products and Aggregate Co., Ltd.",EPD-IES-0015843:002,528.0,1.0,ton,,,,,https://www.environdec.com/library/epd15843,,Indicator Unit Total A1-A3
OK,Thailand,cement,EPD Tiger Super Cement,"The Concrete Products and Aggregate Co., Ltd.",EPD-IES-0015844:002,498.0,1.0,ton,,,,,https://www.environdec.com/library/epd15844,,Indicator Unit Total A1-A3
REFUSED,Thailand,cement,INSEE Dum High Early Strength (Bulk),Siam City Cement Public Company Limited,EPD-IES-0020355:001,,,,,,,,https://www.environdec.com/library/epd20355,no GWP row with a readable module header,
REFUSED,Thailand,cement,INSEE Dum Ngarn Lor (Bag),Siam City Cement Public Company Limited,EPD-IES-0020371:001,,,,,,,,https://www.environdec.com/library/epd20371,no GWP row with a readable module header,
OK,Thailand,cement,INSEE ECO Plus,Siam City Cement Public Company Limited,EPD-IES-0017466:001,510.0,1.0,tonne,,,,,https://www.environdec.com/library/epd17466,,Indicator Unit A1-A3
OK,Thailand,cement,"INSEE Extra produced in Sri Lanka by Siam City Cement Pub Co., Ltd.",Siam City Cement Public Company Limited,EPD-IES-0011564:001 (S-P-11564),583.0,1.0,ton,,,,,https://www.environdec.com/library/epd11564,,Indicator A1-A3
OK,Thailand,cement,"INSEE HiCrete 50 produced in Sri Lanka by Siam City Cement Pub Co., Ltd.",Siam City Cement Public Company Limited,EPD-IES-0011566:001 (S-P-11566),575.0,1.0,ton,,,,,https://www.environdec.com/library/epd11566,,Indicator A1-A3
OK,Thailand,cement,"INSEE Mahaweli Marine Plus produced in Sri Lanka (Puttalam) by Siam City Cement Pub Co., Ltd.",Siam City Cement Public Company Limited,EPD-IES-0011569:001 (S-P-11569),608.0,1.0,ton,,,,,https://www.environdec.com/library/epd11569,,Indicator A1-A3
OK,Thailand,cement,"INSEE Mahaweli Marine Plus produced in Sri Lanka (Ruhuna and Galle Plant) by Siam City Cement Pub Co., Ltd.",Siam City Cement Public Company Limited,EPD-IES-0011563:001 (S-P-11563),726.0,1.0,ton,,,,,https://www.environdec.com/library/epd11563,,Indicator A1-A3
REFUSED,Thailand,cement,INSEE Mortar 11 General Plastering Mortar,Siam City Cement Public Company Limited,EPD-IES-0032012:002,,,,,,,,https://www.environdec.com/library/epd32012,no GWP row with a readable module header,
REFUSED,Thailand,cement,INSEE Mortar 13 Lightweight Block Plastering Mortar,Siam City Cement Public Company Limited,EPD-IES-0032821:002,,,,,,,,https://www.environdec.com/library/epd32821,no GWP row with a readable module header,
REFUSED,Thailand,cement,INSEE Mortar 15 Concrete Plastering Mortar,Siam City Cement Public Company Limited,EPD-IES-0033153:002,,,,,,,,https://www.environdec.com/library/epd33153,no GWP row with a readable module header,
OK,Thailand,cement,INSEE Mortar 16G Grey Skim Coat,Siam City Cement Public Company Limited,EPD-IES-0024461:001,465.0,1.0,tonne,,,,,https://www.environdec.com/library/epd24461,,Indicator Unit A1-A3
OK,Thailand,cement,INSEE Mortar 16W White Skim Coat,Siam City Cement Public Company Limited,EPD-IES-0024458:002,457.0,1.0,tonne,,,,,https://www.environdec.com/library/epd24458,,Indicator Unit A1-A3
REFUSED,Thailand,cement,INSEE Mortar 17G 2 in 1 Grey Skim Plastering Mortar (1-4MM Uses),Siam City Cement Public Company Limited,EPD-IES-0033395:001,,,,,,,,https://www.environdec.com/library/epd33395,no GWP row with a readable module header,
REFUSED,Thailand,cement,INSEE Mortar 21 Normal Bricklaying Mortar,Siam City Cement Public Company Limited,EPD-IES-0033398:001,,,,,,,,https://www.environdec.com/library/epd33398,no GWP row with a readable module header,
REFUSED,Thailand,cement,INSEE Mortar 23 Lightweight Block Bricklaying Mortar,Siam City Cement Public Company Limited,EPD-IES-0033400:001,,,,,,,,https://www.environdec.com/library/epd33400,no GWP row with a readable module header,
REFUSED,Thailand,cement,INSEE Mortar 31 Floor Leveling Mortar,Siam City Cement Public Company Limited,EPD-IES-0033401:001,,,,,,,,https://www.environdec.com/library/epd33401,no GWP row with a readable module header,
REFUSED,Thailand,cement,INSEE Mortar 32 Easy Floor Screed,Siam City Cement Public Company Limited,EPD-IES-0028116:001,,,,,,,,https://www.environdec.com/library/epd28116,no GWP row with a readable module header,
OK,Thailand,cement,INSEE Mortar 44 TileFix ProFlex,Siam City Cement Public Company Limited,EPD-IES-0021398:001,340.0,1.0,tonne,,,,,https://www.environdec.com/library/epd21398,,Indicator Unit A1-A3
OK,Thailand,cement,INSEE Mortar 45 TileFlex PlusFlex,Siam City Cement Public Company Limited,EPD-IES-0024459:001,351.0,1.0,tonne,,,,,https://www.environdec.com/library/epd24459,,Indicator Unit A1-A3
OK,Thailand,cement,INSEE Mortar 46 TileFix X-Tra,Siam City Cement Public Company Limited,EPD-IES-0024460:001,469.0,1.0,tonne,,,,,https://www.environdec.com/library/epd24460,,Indicator Unit A1-A3
REFUSED,Thailand,cement,INSEE Mortar 61 Flex Shield,Siam City Cement Public Company Limited,EPD-IES-0033411:001,,,,,,,,https://www.environdec.com/library/epd33411,no GWP row with a readable module header,
REFUSED,Thailand,cement,INSEE Mortar 62 Flex Proof,Siam City Cement Public Company Limited,EPD-IES-0026459:001,,,,,,,,https://www.environdec.com/library/epd26459,no GWP row with a readable module header,
OK,Thailand,cement,"INSEE PC produced in Bangladesh by Siam City Cement Pub Co., Ltd.",Siam City Cement Public Company Limited,EPD-IES-0011575:003 (S-P-11575),961.6,1000.0,kg,,,,,https://www.environdec.com/library/epd11575,,Indicator A1-A3 (Total) Unit
OK,Thailand,cement,"INSEE PCC produced in Bangladesh by Siam City Cement Pub Co., Ltd.",Siam City Cement Public Company Limited,EPD-IES-0011574:003 (S-P-11574),677.6,1000.0,kg,,,,,https://www.environdec.com/library/epd11574,,Indicator A1-A3 (Total) Unit
OK,Thailand,cement,"INSEE PPC produced in Bangladesh by Siam City Cement Pub Co., Ltd.",Siam City Cement Public Company Limited,EPD-IES-0011576:003 (S-P-11576),673.5,1000.0,kg,,,,,https://www.environdec.com/library/epd11576,,Indicator A1-A3 (Total) Unit
REFUSED,Thailand,cement,INSEE Petch CPM (Bulk),Siam City Cement Public Company Limited,EPD-IES-0020368:001,,,,,,,,https://www.environdec.com/library/epd20368,no GWP row with a readable module header,
REFUSED,Thailand,cement,INSEE Petch Ngarn Tae Concrete (Bulk),Siam City Cement Public Company Limited,EPD-IES-0020370:001,,,,,,,,https://www.environdec.com/library/epd20370,no GWP row with a readable module header,
REFUSED,Thailand,cement,INSEE Petch Ngarn Thang Luang (Bulk),Siam City Cement Public Company Limited,EPD-IES-0020369:001,,,,,,,,https://www.environdec.com/library/epd20369,no GWP row with a readable module header,
OK,Thailand,cement,"INSEE Rapid Flow Plus produced in Sri Lanka (Puttalam Plant) by Siam City Cement Pub Co., Ltd.",Siam City Cement Public Company Limited,EPD-IES-0011565:001 (S-P-11565),671.0,1000.0,kg,,,,,https://www.environdec.com/library/epd11565,,Indicator A1-A3
OK,Thailand,cement,"INSEE Rapid Flow Plus produced in Sri Lanka (Ruhuna and Galle Plant) by Siam City Cement Pub Co., Ltd.",Siam City Cement Public Company Limited,EPD-IES-0011568:001 (S-P-11568),799.0,1.0,ton,,,,,https://www.environdec.com/library/epd11568,,Indicator A1-A3
OK,Thailand,cement,"INSEE Sanstha produced in Sri Lanka (Puttalam Plant) by Siam City Cement Pub Co., Ltd.",Siam City Cement Public Company Limited,EPD-IES-0011562:001 (S-P-11562),608.0,1.0,ton,,,,,https://www.environdec.com/library/epd11562,,Indicator A1-A3
OK,Thailand,cement,"INSEE Sanstha produced in Sri Lanka (Ruhuna and Galle Plant) by Siam City Cement Pub Co., Ltd.",Siam City Cement Public Company Limited,EPD-IES-0011567:001 (S-P-11567),726.0,1.0,ton,,,,,https://www.environdec.com/library/epd11567,,Indicator A1-A3
OK,Thailand,cement,Montania Hydraulic cement 40 kg.,"The Concrete Products and Aggregate Co., Ltd.",EPD-IES-0016468:002,789.0,1.0,ton,,,,,https://www.environdec.com/library/epd16468,,Indicator Unit Total A1-A3
OK,Thailand,cement,Montania OPC 20 Kg Bag on Pallet Container,"The Concrete Products and Aggregate Co., Ltd.",EPD-IES-0029393:001,833.0,1000.0,kg,,,,,https://www.environdec.com/library/epd29393,,Indicator Unit A1 – A3
OK,Thailand,cement,Montania OPC 40 Kg Bag on Pallet Container,"The Concrete Products and Aggregate Co., Ltd.",EPD-IES-0029395:001,833.0,1000.0,kg,,,,,https://www.environdec.com/library/epd29395,,Indicator Unit A1 – A3
OK,Thailand,cement,Montania PCC 20 Kg Bag on Pallet Container,"The Concrete Products and Aggregate Co., Ltd.",EPD-IES-0029394:001,782.0,1000.0,kg,,,,,https://www.environdec.com/library/epd29394,,Indicator Unit A1 – A3
OK,Thailand,cement,Montania PCC 40 Kg Bag on Pallet Container,"The Concrete Products and Aggregate Co., Ltd.",EPD-IES-0029396:001,781.0,1000.0,kg,,,,,https://www.environdec.com/library/epd29396,,Indicator Unit A1 – A3
OK,Thailand,cement,Montania White Cement (Bag) 40 kg,"The Concrete Products and Aggregate Co., Ltd.",EPD-IES-0029039:001,796.0,1.0,tonne,,,,,https://www.environdec.com/library/epd29039,,Indicator Unit A1-A3
OK,Thailand,cement,Montania White Cement (Bigbag) 1 Ton,"The Concrete Products and Aggregate Co., Ltd.",EPD-IES-0029041:001,792.0,1.0,tonne,,,,,https://www.environdec.com/library/epd29041,,Indicator Unit A1-A3
OK,Thailand,cement,Montania White Cement (Bulk) 1 Ton,"The Concrete Products and Aggregate Co., Ltd.",EPD-IES-0029040:001,787.0,1.0,tonne,,,,,https://www.environdec.com/library/epd29040,,Indicator Unit A1-A3
OK,Thailand,cement,Montania White Portland Cement Export (Bag) 20 kg,"The Concrete Products and Aggregate Co., Ltd.",EPD-IES-0029047:001,800.0,1.0,tonne,,,,,https://www.environdec.com/library/epd29047,,Indicator Unit A1-A3
OK,Thailand,cement,Montania White Portland Cement Export (Bag) 40 kg,"The Concrete Products and Aggregate Co., Ltd.",EPD-IES-0029048:001,800.0,1.0,tonne,,,,,https://www.environdec.com/library/epd29048,,Indicator Unit A1-A3
OK,Thailand,cement,Montania White Portland Cement Export (Bag) 42.63 kg,"The Concrete Products and Aggregate Co., Ltd.",EPD-IES-0029049:001,799.0,1.0,tonne,,,,,https://www.environdec.com/library/epd29049,,Indicator Unit A1-A3
OK,Thailand,cement,Montania White Portland Cement Export (Jumbo bag) 1.5 Ton,"The Concrete Products and Aggregate Co., Ltd.",EPD-IES-0029050:001,792.0,1.0,tonne,,,,,https://www.environdec.com/library/epd29050,,Indicator Unit A1-A3
OK,Thailand,cement,"Portfolio of Clinker and Cement products (Siam City Cement Pub Co., Ltd.)",Siam City Cement Public Company Limited,EPD-IES-0004957:002 (S-P-04957),908.2,1000.0,kg,,,,,https://www.environdec.com/library/epd4957,,Indicator A1-A3 (Total) Unit
OK,Thailand,cement,SANDTEC 0/4 INSEE Aggregates,Siam City Cement Public Company Limited,EPD-IES-0011672:002 (S-P-11672),5.25,1.0,tonne,,,,,https://www.environdec.com/library/epd11672,,Indicator Unit A1-A3
OK,Thailand,cement,SCG Hydraulic cement 40 kg.,"The Concrete Products and Aggregate Co., Ltd.",EPD-IES-0016467:002,789.0,1.0,ton,,,,,https://www.environdec.com/library/epd16467,,Indicator Unit Total A1-A3
OK,Thailand,cement,SCG Mortar General Masonry 50 Kg.,"The Concrete Products and Aggregate Co., Ltd.",EPD-IES-0016481:002,135.0,1.0,ton,,,,,https://www.environdec.com/library/epd16481,,Indicator Unit Total A1-A3
OK,Thailand,cement,SCG Mortar General Plastering 50 Kg.,"The Concrete Products and Aggregate Co., Ltd.",EPD-IES-0016480:002,137.0,1.0,ton,,,,,https://www.environdec.com/library/epd16480,,Indicator Unit Total A1-A3
OK,Thailand,cement,SCG OPC 20 Kg Bag in sling 2 MT,"The Concrete Products and Aggregate Co., Ltd.",EPD-IES-0029399:001,836.0,1000.0,kg,,,,,https://www.environdec.com/library/epd29399,,Indicator Unit A1 – A3
OK,Thailand,cement,SCG OPC 20 Kg Bag on Pallet Container,"The Concrete Products and Aggregate Co., Ltd.",EPD-IES-0029387:001,833.0,1000.0,kg,,,,,https://www.environdec.com/library/epd29387,,Indicator Unit A1 – A3
OK,Thailand,cement,SCG OPC 40 Kg Bag in sling 2 MT,"The Concrete Products and Aggregate Co., Ltd.",EPD-IES-0029400:001,836.0,1000.0,kg,,,,,https://www.environdec.com/library/epd29400,,Indicator Unit A1 – A3
OK,Thailand,cement,SCG OPC 40 Kg Bag on Pallet Container,"The Concrete Products and Aggregate Co., Ltd.",EPD-IES-0029389:001,833.0,1000.0,kg,,,,,https://www.environdec.com/library/epd29389,,Indicator Unit A1 – A3
OK,Thailand,cement,SCG OPC Bulk,"The Concrete Products and Aggregate Co., Ltd.",EPD-IES-0029391:001,818.0,1000.0,kg,,,,,https://www.environdec.com/library/epd29391,,Indicator Unit A1 – A3
OK,Thailand,cement,SCG OPC Bulk in JBB 1.5 MT,"The Concrete Products and Aggregate Co., Ltd.",EPD-IES-0029392:001,824.0,1000.0,kg,,,,,https://www.environdec.com/library/epd29392,,Indicator Unit A1 – A3
OK,Thailand,cement,SCG PCC 20 Kg Bag on Pallet Container,"The Concrete Products and Aggregate Co., Ltd.",EPD-IES-0029388:001,782.0,1000.0,kg,,,,,https://www.environdec.com/library/epd29388,,Indicator Unit A1 – A3
OK,Thailand,cement,SCG PCC 40 Kg Bag on Pallet Container,"The Concrete Products and Aggregate Co., Ltd.",EPD-IES-0029390:001,781.0,1000.0,kg,,,,,https://www.environdec.com/library/epd29390,,Indicator Unit A1 – A3
OK,Thailand,cement,SCG Tile Adhesive Green 20 Kg.,"The Concrete Products and Aggregate Co., Ltd.",EPD-IES-0016484:002,321.0,1.0,ton,,,,,https://www.environdec.com/library/epd16484,,Indicator Unit Total A1-A3
OK,Thailand,cement,SCG Tile Adhesive Pink 20 Kg.,"The Concrete Products and Aggregate Co., Ltd.",EPD-IES-0016303:002,314.0,1.0,ton,,,,,https://www.environdec.com/library/epd16303,,Indicator Unit Total A1-A3
OK,Thailand,cement,SCG White Mixed Cement F1 Export (Bag) 40 kg,"The Concrete Products and Aggregate Co., Ltd.",EPD-IES-0029056:001,555.0,1.0,tonne,,,,,https://www.environdec.com/library/epd29056,,Indicator Unit A1-A3
OK,Thailand,cement,SCG White Portland Cement (Bag) 40 kg,"The Concrete Products and Aggregate Co., Ltd.",EPD-IES-0029033:001,798.0,1.0,tonne,,,,,https://www.environdec.com/library/epd29033,,Indicator Unit A1-A3
OK,Thailand,cement,SCG White Portland Cement (Bigbag) 1 Ton,"The Concrete Products and Aggregate Co., Ltd.",EPD-IES-0029035:001,792.0,1.0,tonne,,,,,https://www.environdec.com/library/epd29035,,Indicator Unit A1-A3
OK,Thailand,cement,SCG White Portland Cement (Bulk) 1 Ton,"The Concrete Products and Aggregate Co., Ltd.",EPD-IES-0029034:001,788.0,1.0,tonne,,,,,https://www.environdec.com/library/epd29034,,Indicator Unit A1-A3
OK,Thailand,cement,SCG White Portland Cement Export (Bag) 20 kg,"The Concrete Products and Aggregate Co., Ltd.",EPD-IES-0029036:001,792.0,1.0,tonne,,,,,https://www.environdec.com/library/epd29036,,Indicator Unit A1-A3
OK,Thailand,cement,SCG White Portland Cement Export (Bag) 40 kg,"The Concrete Products and Aggregate Co., Ltd.",EPD-IES-0029037:001,796.0,1.0,tonne,,,,,https://www.environdec.com/library/epd29037,,Indicator Unit A1-A3
OK,Thailand,cement,SCG White Portland Cement Export (Jumbo bag) 1 Ton,"The Concrete Products and Aggregate Co., Ltd.",EPD-IES-0029038:001,792.0,1.0,tonne,,,,,https://www.environdec.com/library/epd29038,,Indicator Unit A1-A3
OK,Thailand,cement,STONETEC INSEE Aggregates,Siam City Cement Public Company Limited,EPD-IES-0020937:001,5.03,1.0,tonne,,,,,https://www.environdec.com/library/epd20937,,Indicator Unit A1-A3
OK,Thailand,cement,Sanstha Exterior Skim Coat,Siam City Cement Public Company Limited,EPD-IES-0014295:001,160.0,1.0,tonne,,,,,https://www.environdec.com/library/epd14295,,Indicator Unit A1-A3
OK,Thailand,cement,Sanstha Interior Skim Coat,Siam City Cement Public Company Limited,EPD-IES-0014294:001,121.0,1.0,tonne,,,,,https://www.environdec.com/library/epd14294,,Indicator Unit A1-A3
OK,Thailand,cement,Sanstha Superior Tile Adhesive,Siam City Cement Public Company Limited,EPD-IES-0014293:001,287.0,1.0,tonne,,,,,https://www.environdec.com/library/epd14293,,Indicator Unit A1-A3
OK,Thailand,cement,Sanstha Tile Adhesive,Siam City Cement Public Company Limited,EPD-IES-0013043:002 (S-P-13043),252.0,1.0,tonne,,,,,https://www.environdec.com/library/epd13043,,Indicator Unit A1-A3
OK,Thailand,cement,Sanstha Tile Mortar,Siam City Cement Public Company Limited,EPD-IES-0014291:001,229.0,1.0,tonne,,,,,https://www.environdec.com/library/epd14291,,Indicator Unit A1-A3
OK,Thailand,cement,Taiheiyo White Portland Cement (Bag) 20 kg,"The Concrete Products and Aggregate Co., Ltd.",EPD-IES-0029045:001,806.0,1.0,tonne,,,,,https://www.environdec.com/library/epd29045,,Indicator Unit A1-A3
OK,Thailand,cement,Taiheiyo White Portland Cement (Jumbo bag) 1 Ton,"The Concrete Products and Aggregate Co., Ltd.",EPD-IES-0029046:001,792.0,1.0,tonne,,,,,https://www.environdec.com/library/epd29046,,Indicator Unit A1-A3
OK,Thailand,cement,Tiger Decor White Cement for Long Setting (Bag) 40 kg,"The Concrete Products and Aggregate Co., Ltd.",EPD-IES-0029044:001,795.0,1.0,tonne,,,,,https://www.environdec.com/library/epd29044,,Indicator Unit A1-A3
OK,Thailand,cement,Tiger Décor Easy Mix Marble Render (Bag) 20 kg,"The Concrete Products and Aggregate Co., Ltd.",EPD-IES-0029052:001,268.0,1.0,tonne,,,,,https://www.environdec.com/library/epd29052,,Indicator Unit A1-A3
OK,Thailand,cement,Tiger Décor Easy Mix Marble Render Acid Resistance Series (Bag) 20 kg,"The Concrete Products and Aggregate Co., Ltd.",EPD-IES-0029053:001,391.0,1.0,tonne,,,,,https://www.environdec.com/library/epd29053,,Indicator Unit A1-A3
OK,Thailand,cement,Tiger Décor Easy Mix Pebble Washed-GY (Bag) 40 kg,"The Concrete Products and Aggregate Co., Ltd.",EPD-IES-0029055:001,217.0,1.0,tonne,,,,,https://www.environdec.com/library/epd29055,,Indicator Unit A1-A3
OK,Thailand,cement,Tiger Décor Easy Mix Pebble Washed-WH (Bag) 40 kg,"The Concrete Products and Aggregate Co., Ltd.",EPD-IES-0029054:001,267.0,1.0,tonne,,,,,https://www.environdec.com/library/epd29054,,Indicator Unit A1-A3
OK,Thailand,cement,Tiger Décor Easy Mix Terrazzo (Bag) 40 kg,"The Concrete Products and Aggregate Co., Ltd.",EPD-IES-0029051:001,321.0,1.0,tonne,,,,,https://www.environdec.com/library/epd29051,,Indicator Unit A1-A3
OK,Thailand,cement,Tiger Décor White Cement Heritage (Bag) 20 kg,"The Concrete Products and Aggregate Co., Ltd.",EPD-IES-0029058:001,911.0,1.0,tonne,,,,,https://www.environdec.com/library/epd29058,,Indicator Unit A1-A3
OK,Thailand,cement,Tiger Décor White Cement for Multi-Purpose (Bag) 20 kg,"The Concrete Products and Aggregate Co., Ltd.",EPD-IES-0029057:001,564.0,1.0,tonne,,,,,https://www.environdec.com/library/epd29057,,Indicator Unit A1-A3
OK,Thailand,cement,Tiger Décor White Cement for Terrazzo (Bag) 40 kg,"The Concrete Products and Aggregate Co., Ltd.",EPD-IES-0029042:001,795.0,1.0,tonne,,,,,https://www.environdec.com/library/epd29042,,Indicator Unit A1-A3
OK,Thailand,cement,Tiger Décor White Cement for Terrazzo (Bulk) 1 Ton,"The Concrete Products and Aggregate Co., Ltd.",EPD-IES-0029043:001,787.0,1.0,tonne,,,,,https://www.environdec.com/library/epd29043,,Indicator Unit A1-A3
OK,Thailand,cement,Tiger Mortar Floor Screed,"The Concrete Products and Aggregate Co., Ltd.",EPD-IES-0016309:003,146.0,1.0,ton,,,,,https://www.environdec.com/library/epd16309,,Indicator Unit Total A1-A3
OK,Thailand,cement,Tiger Mortar General Masonry,"The Concrete Products and Aggregate Co., Ltd.",EPD-IES-0016308:003,135.0,1.0,ton,,,,,https://www.environdec.com/library/epd16308,,Indicator Unit Total A1-A3
OK,Thailand,cement,Tiger Mortar General Plastering,"The Concrete Products and Aggregate Co., Ltd.",EPD-IES-0016305:003,137.0,1.0,ton,,,,,https://www.environdec.com/library/epd16305,,Indicator Unit Total A1-A3
OK,Thailand,cement,Tiger Mortar Grey Smooth Skim Coat,"The Concrete Products and Aggregate Co., Ltd.",EPD-IES-0016310:002,482.0,1.0,ton,,,,,https://www.environdec.com/library/epd16310,,Indicator Unit Total A1-A3
OK,Thailand,cement,Tiger Mortar Lightweight Block Plastering,"The Concrete Products and Aggregate Co., Ltd.",EPD-IES-0016304:003,148.0,1.0,ton,,,,,https://www.environdec.com/library/epd16304,,Indicator Unit Total A1-A3
OK,Thailand,cement,Tiger Mortar Lightweight Masonry,"The Concrete Products and Aggregate Co., Ltd.",EPD-IES-0016306:003,284.0,1.0,ton,,,,,https://www.environdec.com/library/epd16306,,Indicator Unit Total A1-A3
OK,Thailand,cement,Tiger Mortar White Smooth Skim Coat,"The Concrete Products and Aggregate Co., Ltd.",EPD-IES-0016311:002,406.0,1.0,ton,,,,,https://www.environdec.com/library/epd16311,,Indicator Unit Total A1-A3
OK,Thailand,cement,Tiger Tile Adhesive Gold,"The Concrete Products and Aggregate Co., Ltd.",EPD-IES-0016314:002,376.0,1.0,ton,,,,,https://www.environdec.com/library/epd16314,,Indicator Unit Total A1-A3
OK,Thailand,cement,Tiger Tile Adhesive Green,"The Concrete Products and Aggregate Co., Ltd.",EPD-IES-0016312:002,321.0,1.0,ton,,,,,https://www.environdec.com/library/epd16312,,Indicator Unit Total A1-A3
OK,Thailand,cement,Tiger Tile Adhesive Pink,"The Concrete Products and Aggregate Co., Ltd.",EPD-IES-0016313:002,314.0,1.0,ton,,,,,https://www.environdec.com/library/epd16313,,Indicator Unit Total A1-A3
OK,Thailand,cement,Tuffa OPC 20 Kg Bag on Pallet Container,"The Concrete Products and Aggregate Co., Ltd.",EPD-IES-0029397:001,833.0,1000.0,kg,,,,,https://www.environdec.com/library/epd29397,,Indicator Unit A1 – A3
OK,Thailand,cement,Tuffa PCC 20 Kg Bag on Pallet Container,"The Concrete Products and Aggregate Co., Ltd.",EPD-IES-0029398:001,782.0,1000.0,kg,,,,,https://www.environdec.com/library/epd29398,,Indicator Unit A1 – A3
REFUSED,Thailand,cement,Webercolor Power,"Saint-Gobain (Thailand) Co., Ltd.",EPD-IES-0032254:002,,,,,,,,https://www.environdec.com/library/epd32254,"column mismatch: header has 1 modules, GWP row has 4 numbers",
REFUSED,Thailand,cement,Webertai Cem+,"Saint-Gobain (Thailand) Co., Ltd.",EPD-IES-0032248:002,,,,,,,,https://www.environdec.com/library/epd32248,"column mismatch: header has 1 modules, GWP row has 16 numbers",
REFUSED,Thailand,cement,Webertai Fix,"Saint-Gobain (Thailand) Co., Ltd.",EPD-IES-0032148:002,,,,,,,,https://www.environdec.com/library/epd32148,"no A1-A3 column in header: D Reuse, recovery, recycling",
REFUSED,Thailand,cement,Webertai Gres,"Saint-Gobain (Thailand) Co., Ltd.",EPD-IES-0032253:002,,,,,,,,https://www.environdec.com/library/epd32253,"column mismatch: header has 1 modules, GWP row has 16 numbers",
REFUSED,Vietnam,cement,Adesilex P9 Grey,Mapei Vietnam Ltd,EPD-IES-0031905:002,,,,,,,,https://www.environdec.com/library/epd31905,"column mismatch: header has 9 modules, GWP row has 8 numbers",
OK,Vietnam,cement,Blast Furnace Cement CEM III/A 42.5N,Chinfon Cement Corporation,EPD-IES-0018675:002,5.0,1.0,ton,,,,,https://www.environdec.com/library/epd18675,,Parameter Unit A1-A3
OK,Vietnam,cement,BuMaBOND,BUMATECH,EPD-IES-0028306:002,0.628,1.0,kg,,,0.02513,0.0,https://www.environdec.com/library/epd28306,,Impact category Unit A1-A3 C1 C2 C3 C4 D
OK,Vietnam,cement,BuMaECO,BUMATECH,EPD-IES-0028307:002,0.51,1.0,kg,,,0.02513,0.0,https://www.environdec.com/library/epd28307,,Impact category Unit A1-A3 C1 C2 C3 C4 D
OK,Vietnam,cement,BuMaFIX,BUMATECH,EPD-IES-0028308:002,0.508,1.0,kg,,,0.02513,0.0,https://www.environdec.com/library/epd28308,,Impact category Unit A1-A3 C1 C2 C3 C4 D
OK,Vietnam,cement,BuMaFLEX,BUMATECH,EPD-IES-0028309:002,0.775,1.0,kg,,,0.02513,0.0,https://www.environdec.com/library/epd28309,,Impact category Unit A1-A3 C1 C2 C3 C4 D
OK,Vietnam,cement,BuMaLEVEL,BUMATECH,EPD-IES-0028333:002,0.617,1.0,kg,,,0.02513,0.0,https://www.environdec.com/library/epd28333,,Impact category Unit A1-A3 C1 C2 C3 C4 D
OK,Vietnam,cement,BuMaSET,BUMATECH,EPD-IES-0028311:002,0.623,1.0,kg,,,0.02513,0.0,https://www.environdec.com/library/epd28311,,Impact category Unit A1-A3 C1 C2 C3 C4 D
OK,Vietnam,cement,BuMaSKIM E,BUMATECH,EPD-IES-0028334:002,0.651,1.0,kg,,,0.02513,0.0,https://www.environdec.com/library/epd28334,,Impact category Unit A1-A3 C1 C2 C3 C4 D
REFUSED,Vietnam,cement,CEM I/52.5 N according to EN 197-1:2011,Chinfon Cement Corporation,EPD-IES-0018673:002,,,,,,,,https://www.environdec.com/library/epd18673,"column mismatch: header has 3 modules, GWP row has 1 numbers",
OK,Vietnam,cement,CeRaCOLOR USG,BUMATECH,EPD-IES-0028315:002,0.993,1.0,kg,,,0.02513,0.0,https://www.environdec.com/library/epd28315,,Impact category Unit A1-A3 C1 C2 C3 C4 D
OK,Vietnam,cement,CeRaCOLOR USG EXTRA,BUMATECH,EPD-IES-0028316:002,1.01,1.0,kg,,,0.02513,0.0,https://www.environdec.com/library/epd28316,,Impact category Unit A1-A3 C1 C2 C3 C4 D
REFUSED,Vietnam,cement,Kerabond T Grey,Mapei Vietnam Ltd,EPD-IES-0031906:002,,,,,,,,https://www.environdec.com/library/epd31906,"column mismatch: header has 9 modules, GWP row has 8 numbers",
REFUSED,Vietnam,cement,Keracolor SF White,Mapei Vietnam Ltd,EPD-IES-0031908:002,,,,,,,,https://www.environdec.com/library/epd31908,"column mismatch: header has 9 modules, GWP row has 8 numbers",
REFUSED,Vietnam,cement,Keraset Grey,Mapei Vietnam Ltd,EPD-IES-0031909:003,,,,,,,,https://www.environdec.com/library/epd31909,"column mismatch: header has 9 modules, GWP row has 8 numbers",
REFUSED,Vietnam,cement,PC50 Portland Cement,Chinfon Cement Corporation,EPD-IES-0018676:002,,,,,,,,https://www.environdec.com/library/epd18676,"column mismatch: header has 2 modules, GWP row has 1 numbers",
REFUSED,Vietnam,cement,PCB40 Premium Blended Portland Cement,Chinfon Cement Corporation,EPD-IES-0018677:002,,,,,,,,https://www.environdec.com/library/epd18677,"column mismatch: header has 2 modules, GWP row has 1 numbers",
REFUSED,Vietnam,cement,Portfolio of Cement Products,SiamCityCement (Vietnam) Ltd,EPD-IES-0003647:003 (S-P-03647),,,,,,,,https://www.environdec.com/library/epd3647,no GWP row with a readable module header,
REFUSED,Vietnam,cement,Portland Limestone Cement CEM II/A-L 42.5N,Chinfon Cement Corporation,EPD-IES-0018674:002,,,,,,,,https://www.environdec.com/library/epd18674,"column mismatch: header has 3 modules, GWP row has 1 numbers",
OK,Vietnam,cement,SC 100,BUMATECH,EPD-IES-0028330:002,0.264,1.0,kg,,,0.02513,0.0,https://www.environdec.com/library/epd28330,,Impact category Unit A1-A3 C1 C2 C3 C4 D
OK,Vietnam,cement,SC 300,BUMATECH,EPD-IES-0028332:002,0.333,1.0,kg,,,0.02513,0.0,https://www.environdec.com/library/epd28332,,Impact category Unit A1-A3 C1 C2 C3 C4 D
OK,Vietnam,cement,SCG BULK OPC Type I EXP – Bulk,"SCG CEMENT CONSTRUCTION MATERIALS VIETNAM CO., LTD",EPD-IES-0023064:002,907.0,1000.0,kg,,,,,https://www.environdec.com/library/epd23064,,Indicator Abbrevation Unit Total A1-A3
OK,Vietnam,cement,SCG BULK OPC Type I in Jumbo bag 1.5 MT EXP,"SCG CEMENT CONSTRUCTION MATERIALS VIETNAM CO., LTD",EPD-IES-0023067:002,915.0,1000.0,kg,,,,,https://www.environdec.com/library/epd23067,,Indicator Abbrevation Unit Total A1-A3
OK,Vietnam,cement,SCG BULK Type I II EXP - Bulk,"SCG CEMENT CONSTRUCTION MATERIALS VIETNAM CO., LTD",EPD-IES-0023066:002,907.0,1000.0,kg,,,,,https://www.environdec.com/library/epd23066,,Indicator Abbrevation Unit Total A1-A3
OK,Vietnam,cement,SCG Hydraulic Cement (PCC) EXP - Bag,"SCG CEMENT CONSTRUCTION MATERIALS VIETNAM CO., LTD",EPD-IES-0022802:002,825.0,1000.0,kg,,,,,https://www.environdec.com/library/epd22802,,Indicator Abbrevation Unit Total A1-A3
OK,Vietnam,cement,SCG Hydraulic Cement (PCC) EXP – Bag 20 kg,"SCG CEMENT CONSTRUCTION MATERIALS VIETNAM CO., LTD",EPD-IES-0023070:003,825.0,1000.0,kg,,,,,https://www.environdec.com/library/epd23070,,Indicator Abbrevation Unit Total A1-A3
OK,Vietnam,cement,SCG Low Carbon Super Xi Mang PCB40 – Bag (Central),"SCG CEMENT CONSTRUCTION MATERIALS VIETNAM CO., LTD",EPD-IES-0022799:003,699.0,1000.0,kg,,,,,https://www.environdec.com/library/epd22799,,Indicator Abbrevation Unit Total A1-A3
OK,Vietnam,cement,SCG Low Carbon Super Xi Mang PCB40 – Bag - (South),"SCG CEMENT CONSTRUCTION MATERIALS VIETNAM CO., LTD",EPD-IES-0022800:002,686.0,1000.0,kg,,,,,https://www.environdec.com/library/epd22800,,Indicator Abbrevation Unit Total A1-A3
OK,Vietnam,cement,SCG OPC Type I - Bulk,"SCG CEMENT CONSTRUCTION MATERIALS VIETNAM CO., LTD",EPD-IES-0023068:002,907.0,1000.0,kg,,,,,https://www.environdec.com/library/epd23068,,Indicator Abbrevation Unit Total A1-A3
OK,Vietnam,cement,SCG PCB40 CLC - Bulk,"SCG CEMENT CONSTRUCTION MATERIALS VIETNAM CO., LTD",EPD-IES-0023063:002,794.0,1000.0,kg,,,,,https://www.environdec.com/library/epd23063,,Indicator Abbrevation Unit Total A1-A3
OK,Vietnam,cement,SCG PCB50 – Bulk,"SCG CEMENT CONSTRUCTION MATERIALS VIETNAM CO., LTD",EPD-IES-0023069:003,744.0,1000.0,kg,,,,,https://www.environdec.com/library/epd23069,,Indicator Abbrevation Unit Total A1-A3
OK,Vietnam,cement,Slag cement CEM III 32.5N,QNC,EPD-IES-0031454:001,417.0,1.0,ton,,,,,https://www.environdec.com/library/epd31454,,Indicator Unit A1-A3
OK,Vietnam,cement,Song Gianh PC40 – Bulk,"SCG CEMENT CONSTRUCTION MATERIALS VIETNAM CO., LTD",EPD-IES-0018671:002,937.0,1000.0,kg,,,,,https://www.environdec.com/library/epd18671,,Indicator Abbrevation Unit Total A1-A3
OK,Vietnam,cement,Song Gianh PCB40 CLC – Bulk,"SCG CEMENT CONSTRUCTION MATERIALS VIETNAM CO., LTD",EPD-IES-0022795:002,783.0,1000.0,kg,,,,,https://www.environdec.com/library/epd22795,,Indicator Abbrevation Unit Total A1-A3
OK,Vietnam,cement,Song Gianh PCB40 – Bag,"SCG CEMENT CONSTRUCTION MATERIALS VIETNAM CO., LTD",EPD-IES-0022791:002,665.0,1000.0,kg,,,,,https://www.environdec.com/library/epd22791,,Indicator Abbrevation Unit Total A1-A3
OK,Vietnam,cement,Song Gianh PCB40 – Bag in pre-sling,"SCG CEMENT CONSTRUCTION MATERIALS VIETNAM CO., LTD",EPD-IES-0022792:002,659.0,1000.0,kg,,,,,https://www.environdec.com/library/epd22792,,Indicator Abbrevation Unit Total A1-A3
OK,Vietnam,cement,Song Gianh PCB40 – Jumbo,"SCG CEMENT CONSTRUCTION MATERIALS VIETNAM CO., LTD",EPD-IES-0022793:002,663.0,1000.0,kg,,,,,https://www.environdec.com/library/epd22793,,Indicator Abbrevation Unit Total A1-A3
OK,Vietnam,cement,Song Gianh PCB40-EXP - Jumbo,"SCG CEMENT CONSTRUCTION MATERIALS VIETNAM CO., LTD",EPD-IES-0022796:002,660.0,1000.0,kg,,,,,https://www.environdec.com/library/epd22796,,Indicator Abbrevation Unit Total A1-A3
OK,Vietnam,cement,Starmax PCB40 – Bag,"SCG CEMENT CONSTRUCTION MATERIALS VIETNAM CO., LTD",EPD-IES-0022801:002,685.0,1000.0,kg,,,,,https://www.environdec.com/library/epd22801,,Indicator Abbrevation Unit Total A1-A3
REFUSED,India,coating,Berger Paints (Water Based),Berger Paints India Limited,EPD-IES-0033988:002,,,,,,,,https://www.environdec.com/library/epd33988,"column mismatch: header has 15 modules, GWP row has 7 numbers",
REFUSED,India,coating,Luxol Hi Gloss,Berger Paints India Limited,EPD-IES-0033987:002,,,,,,,,https://www.environdec.com/library/epd33987,"column mismatch: header has 15 modules, GWP row has 7 numbers",
OK,India,coating,Penetron Admix,Penetron Products Pvt. Ltd.,EPD-IES-0022481:004,1.03,1.0,kg,,,,,https://www.environdec.com/library/epd22481,,Indicator Unit A1 A2 A3 Total (A1- A3)
OK,Indonesia,coating,Mapelastic (Indonesia production),Mapei Indonesia Construction Products Ltd,EPD-IES-0016398:002,0.699,1.0,kg,0.0639,0.0198,0.02672,-0.00239,https://www.environdec.com/library/epd16398,,A1-A3 A4 A5 C1 C2 C3 C4 D
OK,Indonesia,coating,Polyurea WPE,PT.Fosroc Indonesia,EPD-IES-0025245:006,6910.0,1.0,ton,272.0,9.75,15.414000000000001,0.0,https://www.environdec.com/library/epd25245,,Indicator Unit A1-A3 A4 A5 B1 B2 B3 B4 B5 B6 B7 C1 C2 C3 C4 D
REFUSED,Thailand,coating,PRIMER PAINTS,"Nippon Paint Decorative Coatings (Thailand) Co., Ltd.",EPD-IES-0027065:001,,,,,,,,https://www.environdec.com/library/epd27065,"column mismatch: header has 15 modules, GWP row has 1 numbers",
REFUSED,Thailand,coating,TOPCOAT MATT PAINTS,"Nippon Paint Decorative Coatings (Thailand) Co., Ltd.",EPD-IES-0026929:001,,,,,,,,https://www.environdec.com/library/epd26929,"column mismatch: header has 15 modules, GWP row has 1 numbers",
REFUSED,Thailand,coating,TOPCOAT SEMIGLOSS PAINTS,"Nippon Paint Decorative Coatings (Thailand) Co., Ltd.",EPD-IES-0027197:001,,,,,,,,https://www.environdec.com/library/epd27197,"column mismatch: header has 15 modules, GWP row has 1 numbers",
REFUSED,Thailand,coating,TOPCOAT SHEEN PAINTS,"Nippon Paint Decorative Coatings (Thailand) Co., Ltd.",EPD-IES-0027198:001,,,,,,,,https://www.environdec.com/library/epd27198,"column mismatch: header has 15 modules, GWP row has 1 numbers",
OK,Vietnam,coating,BuMaLASTIC,BUMATECH,EPD-IES-0028317:002,2.16,1.0,kg,,,0.02513,0.0,https://www.environdec.com/library/epd28317,,Impact category Unit A1-A3 C1 C2 C3 C4 D
OK,Vietnam,coating,CeRaLASTIC,BUMATECH,EPD-IES-0028312:002,2.33,1.0,kg,,,0.02513,0.0,https://www.environdec.com/library/epd28312,,Impact category Unit A1-A3 C1 C2 C3 C4 D
OK,Vietnam,coating,PROOF 668,BUMATECH,EPD-IES-0028329:002,2.34,1.0,kg,,,0.02513,0.0,https://www.environdec.com/library/epd28329,,Impact category Unit A1-A3 C1 C2 C3 C4 D
OK,Thailand,concrete,C-Edge 3/4 Stone,"The Concrete Products and Aggregate Co., Ltd.",EPD-IES-0031713:001,3.34,1000.0,kg,,,,,https://www.environdec.com/library/epd31713,,Indicator Unit A1 – A3
OK,Thailand,concrete,C-Edge Sand,"The Concrete Products and Aggregate Co., Ltd.",EPD-IES-0031569:001,2.84,1000.0,kg,,,,,https://www.environdec.com/library/epd31569,,Indicator Unit A1 – A3
OK,Thailand,concrete,C25/30 - Pile,Siam City Cement Public Company Limited,EPD-IES-0014283:002,271.0,1.0,m3,2.13,10.7,20.43,-16.8,https://www.environdec.com/library/epd14283,,Indicator Unit A1-A3 A4 A5 B1 B2-B7 C1 C2 C3 C4 D
OK,Thailand,concrete,C32/40 - General concrete,Siam City Cement Public Company Limited,EPD-IES-0014278:001,288.0,1.0,m3,2.1,10.8,12.82,0.0,https://www.environdec.com/library/epd14278,,Indicator Unit A1-A3 A4 A5 B1 B2-B7 C1 C2 C3 C4 D
OK,Thailand,concrete,C40/50 - General (RF+),Siam City Cement Public Company Limited,EPD-IES-0014277:001,358.0,1.0,m3,2.1,11.2,6.33,0.0,https://www.environdec.com/library/epd14277,,Indicator Unit A1-A3 A4 A5 B1 B2-B7 C1 C2 C3 C4 D
OK,Thailand,concrete,C40/50 - General concrete,Siam City Cement Public Company Limited,EPD-IES-0014276:001,330.0,1.0,m3,2.1,11.1,9.129999999999999,0.0,https://www.environdec.com/library/epd14276,,Indicator Unit A1-A3 A4 A5 B1 B2-B7 C1 C2 C3 C4 D
OK,Thailand,concrete,"CPAC Concrete High strength 550 KSC (C50/55, MPa)","The Concrete Products and Aggregate Co., Ltd.",EPD-IES-0017927:001,419.0,1.0,m3,11.4,21.1,-1.2100000000000009,0.0,https://www.environdec.com/library/epd17927,,Indicator Unit A1-A3 A4 A5 B1 B2 B3 B4 B5 B6 B7 C1 C2 C3 C4 D
OK,Thailand,concrete,"CPAC Concrete High strength 650 KSC (C60/65, MPa)","The Concrete Products and Aggregate Co., Ltd.",EPD-IES-0017928:001,419.0,1.0,m3,11.4,21.1,-0.8599999999999994,0.0,https://www.environdec.com/library/epd17928,,Indicator Unit A1-A3 A4 A5 B1 B2 B3 B4 B5 B6 B7 C1 C2 C3 C4 D
OK,Thailand,concrete,"CPAC Concrete High strength 850 KSC (C80/85, MPa)","The Concrete Products and Aggregate Co., Ltd.",EPD-IES-0017929:001,396.0,1.0,m3,11.4,20.5,1.8300000000000018,0.0,https://www.environdec.com/library/epd17929,,Indicator Unit A1-A3 A4 A5 B1 B2 B3 B4 B5 B6 B7 C1 C2 C3 C4 D
REFUSED,Thailand,concrete,"CPAC Industrial floor concrete 320 KSC (C28/32, MPa)","The Concrete Products and Aggregate Co., Ltd.",EPD-IES-0017920:001,,,,,,,,https://www.environdec.com/library/epd17920,"column mismatch: header has 15 modules, GWP row has 13 numbers",
OK,Thailand,concrete,"CPAC Industrial floor concrete 400 KSC (C35/40, MPa)","The Concrete Products and Aggregate Co., Ltd.",EPD-IES-0017921:001,306.0,1.0,m3,11.0,17.9,7.889999999999999,0.0,https://www.environdec.com/library/epd17921,,Indicator Unit A1-A3 A4 A5 B1 B2 B3 B4 B5 B6 B7 C1 C2 C3 C4 D
OK,Thailand,concrete,"CPAC Large bored pile concrete 400 KSC (C35/40, MPa)","The Concrete Products and Aggregate Co., Ltd.",EPD-IES-0017922:001,347.0,1.0,m3,11.2,19.1,4.669999999999998,0.0,https://www.environdec.com/library/epd17922,,Indicator Unit A1-A3 A4 A5 B1 B2 B3 B4 B5 B6 B7 C1 C2 C3 C4 D
OK,Thailand,concrete,"CPAC Large bored pile concrete 400 KSC (C35/40, MPa) (Supplementary cementitious material formula)","The Concrete Products and Aggregate Co., Ltd.",EPD-IES-0017923:001,258.0,1.0,m3,11.2,16.7,12.920000000000002,0.0,https://www.environdec.com/library/epd17923,,Indicator Unit A1-A3 A4 A5 B1 B2 B3 B4 B5 B6 B7 C1 C2 C3 C4 D
OK,Thailand,concrete,CPAC Lean concrete,"The Concrete Products and Aggregate Co., Ltd.",EPD-IES-0017932:001,163.0,1.0,m3,10.8,13.9,13.930000000000003,0.0,https://www.environdec.com/library/epd17932,,Indicator Unit A1-A3 A4 A5 B1 B2 B3 B4 B5 B6 B7 C1 C2 C3 C4 D
OK,Thailand,concrete,"CPAC Low heat concrete 320 KSC  (C28/32, MPa)","The Concrete Products and Aggregate Co., Ltd.",EPD-IES-0017930:001,209.0,1.0,m3,11.0,15.1,8.880000000000003,0.0,https://www.environdec.com/library/epd17930,,Indicator Unit A1-A3 A4 A5 B1 B2 B3 B4 B5 B6 B7 C1 C2 C3 C4 D
OK,Thailand,concrete,"CPAC Lowheat concrete 380 KSC (C32/38, MPa)","The Concrete Products and Aggregate Co., Ltd.",EPD-IES-0017931:001,202.0,1.0,m3,11.0,15.1,17.650999999999996,0.0,https://www.environdec.com/library/epd17931,,Indicator Unit A1-A3 A4 A5 B1 B2 B3 B4 B5 B6 B7 C1 C2 C3 C4 D
OK,Thailand,concrete,"CPAC Marine concrete 280 KSC (C24/28, MPa)","The Concrete Products and Aggregate Co., Ltd.",EPD-IES-0017924:001,229.0,1.0,m3,10.9,16.4,31.37,0.0,https://www.environdec.com/library/epd17924,,Indicator Unit A1-A3 A4 A5 B1 B2 B3 B4 B5 B6 B7 C1 C2 C3 C4 D
OK,Thailand,concrete,"CPAC Marine concrete 320 KSC (C28/32, MPa)","The Concrete Products and Aggregate Co., Ltd.",EPD-IES-0017925:001,233.0,1.0,m3,10.9,15.7,5.570000000000002,0.0,https://www.environdec.com/library/epd17925,,Indicator Unit A1-A3 A4 A5 B1 B2 B3 B4 B5 B6 B7 C1 C2 C3 C4 D
OK,Thailand,concrete,"CPAC Marine concrete 400 KSC  (C35/40, MPa)","The Concrete Products and Aggregate Co., Ltd.",EPD-IES-0017926:001,254.0,1.0,m3,10.9,16.5,12.499999999999996,0.0,https://www.environdec.com/library/epd17926,,Indicator Unit A1-A3 A4 A5 B1 B2 B3 B4 B5 B6 B7 C1 C2 C3 C4 D
REFUSED,Thailand,concrete,"CPAC Normal concrete 280 KSC (C24/28, MPa)","The Concrete Products and Aggregate Co., Ltd.",EPD-IES-0017806:001,,,,,,,,https://www.environdec.com/library/epd17806,"column mismatch: header has 15 modules, GWP row has 13 numbers",
REFUSED,Thailand,concrete,"CPAC Normal concrete 280 KSC (C24/28, MPa) (Supplementary cementitious material formula)","The Concrete Products and Aggregate Co., Ltd.",EPD-IES-0017908:001,,,,,,,,https://www.environdec.com/library/epd17908,"column mismatch: header has 15 modules, GWP row has 13 numbers",
REFUSED,Thailand,concrete,"CPAC Normal concrete 320 KSC (C30/32, MPa)","The Concrete Products and Aggregate Co., Ltd.",EPD-IES-0017907:001,,,,,,,,https://www.environdec.com/library/epd17907,"column mismatch: header has 15 modules, GWP row has 13 numbers",
REFUSED,Thailand,concrete,"CPAC Normal concrete 320 KSC (C30/32, MPa) (Supplementary cementitious material formula)","The Concrete Products and Aggregate Co., Ltd.",EPD-IES-0017909:001,,,,,,,,https://www.environdec.com/library/epd17909,"column mismatch: header has 15 modules, GWP row has 13 numbers",
REFUSED,Thailand,concrete,"CPAC Post-tensioned concrete 380 KSC (C32/38, MPa)","The Concrete Products and Aggregate Co., Ltd.",EPD-IES-0017910:001,,,,,,,,https://www.environdec.com/library/epd17910,"column mismatch: header has 15 modules, GWP row has 13 numbers",
REFUSED,Thailand,concrete,"CPAC Post-tensioned concrete 380 KSC (C32/38, MPa) (Supplementary cementitious material formula)","The Concrete Products and Aggregate Co., Ltd.",EPD-IES-0017912:001,,,,,,,,https://www.environdec.com/library/epd17912,"column mismatch: header has 15 modules, GWP row has 13 numbers",
REFUSED,Thailand,concrete,"CPAC Post-tensioned concrete 400 KSC (C35/40, MPa)","The Concrete Products and Aggregate Co., Ltd.",EPD-IES-0017911:001,,,,,,,,https://www.environdec.com/library/epd17911,"column mismatch: header has 15 modules, GWP row has 13 numbers",
REFUSED,Thailand,concrete,"CPAC Post-tensioned concrete 400 KSC (C35/40, MPa)  (Supplementary cementitious material formula) nnamed","The Concrete Products and Aggregate Co., Ltd.",EPD-IES-0017913:001,,,,,,,,https://www.environdec.com/library/epd17913,"column mismatch: header has 15 modules, GWP row has 13 numbers",
REFUSED,Thailand,concrete,"CPAC Waterproof concrete 240 KSC (C21/24, MPa)","The Concrete Products and Aggregate Co., Ltd.",EPD-IES-0017914:001,,,,,,,,https://www.environdec.com/library/epd17914,"column mismatch: header has 15 modules, GWP row has 13 numbers",
OK,Thailand,concrete,"CPAC Waterproof concrete 240 KSC (C21/24, MPa) (Supplementary cementitious material formula)","The Concrete Products and Aggregate Co., Ltd.",EPD-IES-0017917:001,213.0,1.0,m3,11.0,15.2,8.23,0.0,https://www.environdec.com/library/epd17917,,Indicator Unit A1-A3 A4 A5 B1 B2 B3 B4 B5 B6 B7 C1 C2 C3 C4 D
REFUSED,Thailand,concrete,"CPAC Waterproof concrete 280 KSC (C24/28, MPa)","The Concrete Products and Aggregate Co., Ltd.",EPD-IES-0017915:001,,,,,,,,https://www.environdec.com/library/epd17915,"column mismatch: header has 15 modules, GWP row has 13 numbers",
REFUSED,Thailand,concrete,"CPAC Waterproof concrete 280 KSC (Supplementary cementitious material formula) (C24/28, MPa)","The Concrete Products and Aggregate Co., Ltd.",EPD-IES-0017918:001,,,,,,,,https://www.environdec.com/library/epd17918,"column mismatch: header has 15 modules, GWP row has 13 numbers",
REFUSED,Thailand,concrete,"CPAC Waterproof concrete 320 KSC (C28/32, MPa)","The Concrete Products and Aggregate Co., Ltd.",EPD-IES-0017916:001,,,,,,,,https://www.environdec.com/library/epd17916,"column mismatch: header has 15 modules, GWP row has 13 numbers",
REFUSED,Thailand,concrete,"CPAC Waterproof concrete 320 KSC (Supplementary cementitious material formula) (C28/32, MPa)","The Concrete Products and Aggregate Co., Ltd.",EPD-IES-0017919:001,,,,,,,,https://www.environdec.com/library/epd17919,"column mismatch: header has 15 modules, GWP row has 13 numbers",
OK,Thailand,concrete,PRESTRESSED CONCRETE STEEL WIRE (PC WIRE),"THE SIAM INDUSTRIAL WIRE CO., LTD.",EPD-IES-0005641:001 (S-P-05641),2090.0,,,52.5,,86.34,-245.0,https://www.environdec.com/library/epd5641,,A1-A3 A4 C1 C2 C3 C4 D
OK,Thailand,concrete,PRESTRESSED CONCRETE STEEL WIRE STRAND (PC STRAND),"THE SIAM INDUSTRIAL WIRE CO., LTD.",EPD-IES-0005640:002 (S-P-05640),2120.0,,,104.0,,101.3,-282.0,https://www.environdec.com/library/epd5640,,A1-A3 A4 C1 C2 C3 C4 D
REFUSED,Thailand,concrete,Ready Mixed Concrete C 32/38 - C 35/40,Siam City Cement Public Company Limited,EPD-IES-0012979:002 (S-P-12979),,,,,,,,https://www.environdec.com/library/epd12979,no GWP row with a readable module header,
OK,Thailand,concrete,Ready mixed concrete C25/30 – GENERAL,Siam City Cement Public Company Limited,EPD-IES-0014280:001,238.0,1.0,m3,2.16,10.5,32.730000000000004,0.0,https://www.environdec.com/library/epd14280,,Indicator Unit A1-A3 A4 A5 B1 B2-B7 C1 C2 C3 C4 D
OK,India,glass,AIS Ceramic Frit Glass,Asahi Glass India Ltd. (AIS),EPD-IES-0024591:003,20.6,1.0,m2,0.101,0.715,0.14700000000000002,0.0,https://www.environdec.com/library/epd24591,,Indicator Unit A1-A3 A4 A5 B1 B2 B3 B4 B5 B6 B7 C1 C2 C3 C4 D
OK,India,glass,AIS Clear Float Glass,Asahi Glass India Ltd. (AIS),EPD-IES-0024574:003,16.8,1.0,m2,0.115,0.831,0.1682,0.0,https://www.environdec.com/library/epd24574,,Indicator Unit A1-A3 A4 A5 B1 B2 B3 B4 B5 B6 B7 C1 C2 C3 C4 D
OK,India,glass,AIS Frosted Glass,Asahi Glass India Ltd. (AIS),EPD-IES-0024593:003,17.2,1.0,m2,0.115,1.63,0.1682,0.0,https://www.environdec.com/library/epd24593,,Indicator Unit A1-A3 A4 A5 B1 B2 B3 B4 B5 B6 B7 C1 C2 C3 C4 D
OK,India,glass,AIS Heat Treated Glass,Asahi Glass India Ltd. (AIS),EPD-IES-0024583:003,24.9,1.0,m2,0.118,0.916,0.1724,0.0,https://www.environdec.com/library/epd24583,,Indicator Unit A1-A3 A4 A5 B1 B2 B3 B4 B5 B6 B7 C1 C2 C3 C4 D
OK,India,glass,AIS Insulated Glass Unit,Asahi Glass India Ltd. (AIS),EPD-IES-0024586:003,46.0,1.0,m2,0.259,1.96,0.377,0.0,https://www.environdec.com/library/epd24586,,Indicator Unit A1-A3 A4 A5 B1 B2 B3 B4 B5 B6 B7 C1 C2 C3 C4 D
OK,India,glass,AIS Laminated Glass,Asahi Glass India Ltd. (AIS),EPD-IES-0024584:003,45.9,1.0,m2,0.197,1.48,0.2869,0.0,https://www.environdec.com/library/epd24584,,Indicator Unit A1-A3 A4 A5 B1 B2 B3 B4 B5 B6 B7 C1 C2 C3 C4 D
OK,India,glass,AIS Offline Coated Glass,Asahi Glass India Ltd. (AIS),EPD-IES-0024589:003,20.6,1.0,m2,0.115,0.833,0.1682,0.0,https://www.environdec.com/library/epd24589,,Indicator Unit A1-A3 A4 A5 B1 B2 B3 B4 B5 B6 B7 C1 C2 C3 C4 D
OK,India,glass,AIS Online Coated Glass,Asahi Glass India Ltd. (AIS),EPD-IES-0024590:003,13.6,1.0,m2,0.115,0.0,0.16740000000000002,0.0,https://www.environdec.com/library/epd24590,,Indicator Unit A1-A3 A4 A5 B1 B2 B3 B4 B5 B6 B7 C1 C2 C3 C4 D
OK,India,glass,AIS Tinted Glass,Asahi Glass India Ltd. (AIS),EPD-IES-0024582:003,13.8,1.0,m2,0.115,1.18,0.1682,0.0,https://www.environdec.com/library/epd24582,,Indicator  Unit  A1-A3  A4  A5  B1  B2  B3  B4  B5  B6  B7  C1  C2  C3  C4  D
OK,India,glass,Fire Resistant Glass (FRG),Asahi Glass India Ltd. (AIS),EPD-IES-0024571:004,51.8,1.0,m2,0.213,5.74,0.30989999999999995,0.0,https://www.environdec.com/library/epd24571,,Indicator Unit A1-A3 A4 A5 B1 B2 B3 B4 B5 B6 B7 C1 C2 C3 C4 D
OK,India,glass,Unitized Curtain Wall U-8000,Glass Wall Systems India Ltd,EPD-IES-0027634:001,57.5,1.0,m2,140.0,0.0431,2.562,-304.0,https://www.environdec.com/library/epd27634,,Indicator Unit A1-A3 A4 A5 C1 C2 C3 C4 D
REFUSED,India,glass,Unitized Curtain Wall- U-140,Glass Wall Systems India Ltd,EPD-IES-0028248:001,,,,,,,,https://www.environdec.com/library/epd28248,"column mismatch: header has 1 modules, GWP row has 2 numbers",
REFUSED,India,glass,VDS® Curtain Wall,Saint-Gobain India Private Limited,EPD-IES-0012000:001 (S-P-12000),,,,,,,,https://www.environdec.com/library/epd12000,no GWP row with a readable module header,
REFUSED,India,glass,VDS® Curtain Wall Partition,Saint-Gobain India Private Limited,EPD-IES-0011999:001 (S-P-11999),,,,,,,,https://www.environdec.com/library/epd11999,no GWP row with a readable module header,
REFUSED,India,gypsum/board,Colour Compressed Boards,Everest Industries Limited,EPD-IES-0026096:001,,,,,,,,https://www.environdec.com/library/epd26096,no A1-A3 column in header: materials from the supplier to the manufacturing site. The A3 module accounts th,
OK,India,gypsum/board,EURO PANEL PRODUCTS LIMITED ACP,EURO PANEL PRODUCTS LIMITED,EPD-IES-0033162:001,44.0,1.0,m2,,,0.61185,-30.4,https://www.environdec.com/library/epd33162,,gory Unit A1-A3 C1  C2 C3 C4 D
OK,India,gypsum/board,Fibre Cement Boards & Panels,Everest Industries Limited,EPD-IES-0024325:001,6.47,1.0,m2,,0.00168,0.220200697,0.0,https://www.environdec.com/library/epd24325,,Indicator Unit A1-A3 A5 C1 C2 C3 C4 D
REFUSED,India,gypsum/board,GYPROC® Habito Standard™ 13 mm,Saint-Gobain India Private Limited,EPD-IES-0024800:001,,,,,,,,https://www.environdec.com/library/epd24800,"column mismatch: header has 1 modules, GWP row has 16 numbers",
REFUSED,India,gypsum/board,GYPROC® Rigiroc™ 13 mm,Saint-Gobain India Private Limited,EPD-IES-0024799:004,,,,,,,,https://www.environdec.com/library/epd24799,"column mismatch: header has 1 modules, GWP row has 16 numbers",
REFUSED,India,gypsum/board,Gyproc® Duraline 13mm,Saint-Gobain India Private Limited,EPD-IES-0006462:001 (S-P-06462),,,,,,,,https://www.environdec.com/library/epd6462,no GWP row with a readable module header,
REFUSED,India,gypsum/board,Gyproc® Fireline 12.5mm,Saint-Gobain India Private Limited,EPD-IES-0006085:001 (S-P-06085),,,,,,,,https://www.environdec.com/library/epd6085,no GWP row with a readable module header,
REFUSED,India,gypsum/board,Gyproc® Fireline 15mm,Saint-Gobain India Private Limited,EPD-IES-0006463:001 (S-P-06463),,,,,,,,https://www.environdec.com/library/epd6463,no GWP row with a readable module header,
REFUSED,India,gypsum/board,Gyproc® Glasroc H 12.5mm,Saint-Gobain India Private Limited,EPD-IES-0006086:001 (S-P-06086),,,,,,,,https://www.environdec.com/library/epd6086,no GWP row with a readable module header,
REFUSED,India,gypsum/board,Gyproc® Habito 12.5mm,Saint-Gobain India Private Limited,EPD-IES-0006087:001 (S-P-06087),,,,,,,,https://www.environdec.com/library/epd6087,no GWP row with a readable module header,
OK,India,gypsum/board,HICEM Fiber Cement Board,Ramco Industries Limited,EPD-IES-0017242:001,8.72,1.0,m2,2.58,0.0223,0.7059,0.0,https://www.environdec.com/library/epd17242,,Indicator Unit A1-A3 A4 A5 C1 C2 C3 C4 D
OK,India,gypsum/board,HILUX Calcium Silicate Board (CSB),Ramco Industries Limited,EPD-IES-0017243:001,6.59,1.0,m2,2.16,0.0347,0.5006,0.0,https://www.environdec.com/library/epd17243,,Indicator Unit A1-A3 A4 A5 C1 C2 C3 C4 D
OK,India,gypsum/board,Heavy Duty Board,Everest Industries Limited,EPD-IES-0030978:002,9.91,1.0,m2,,0.00235,0.38400122000000003,-0.00325,https://www.environdec.com/library/epd30978,,Indicator Unit A1-A3 A5 C1 C2 C3 C4 D
OK,India,gypsum/board,Hiden- High Density Fiber Cement Board,Ramco Industries Limited,EPD-IES-0017244:001,11.5,1.0,m2,2.53,0.0663,0.842,0.0,https://www.environdec.com/library/epd17244,,Indicator Unit A1-A3 A4 A5 C1 C2 C3 C4 D
OK,India,gypsum/board,Indowud’s NFC Board,Indowud NFC Private Limited,EPD-IES-0012055:005 (S-P-12055),1100.0,1000.0,kg,,,72.2,-15.8,https://www.environdec.com/library/epd12055,,Impact category Unit A1 A2 A3 A1-A3 C1 C2 C3 C4 D
OK,India,gypsum/board,MultiProA1,Everest Industries Limited,EPD-IES-0025110:002,8.9,1.0,m2,,0.00794,0.36400115,-0.13,https://www.environdec.com/library/epd25110,,Indicator Unit A1-A3 A5 C1 C2 C3 C4 D
REFUSED,India,gypsum/board,Vnext Panels,Visaka Industries Limited,EPD-IES-0006084:001 (S-P-06084),,,,,,,,https://www.environdec.com/library/epd6084,no GWP row with a readable module header,
REFUSED,India,gypsum/board,Vnext- Fiber Cement Boards,Visaka Industries Limited,EPD-IES-0006083:001 (S-P-06083),,,,,,,,https://www.environdec.com/library/epd6083,no GWP row with a readable module header,
OK,Indonesia,gypsum/board,Jayaboard Firestop 13mm,PT. Knauf Plasterboard Indonesia,EPD-IES-0031959:001,3.29,1.0,m2,0.111,0.781,0.7030299999999999,0.0,https://www.environdec.com/library/epd31959,,Parameter Unit A1-3*** A4 A5 B1-B7 C1 C2 C3 C4 D**
OK,Indonesia,gypsum/board,Jayaboard Sheetrock Protech 12mm,PT. Knauf Plasterboard Indonesia,EPD-IES-0031957:001,1.81,1.0,m2,0.0674,0.536,0.42718,0.0,https://www.environdec.com/library/epd31957,,Parameter Unit A1-3*** A4 A5 B1-B7 C1 C2 C3 C4 D**
OK,Indonesia,gypsum/board,Jayaboard Sheetrock Protech 9mm,PT. Knauf Plasterboard Indonesia,EPD-IES-0031956:001,1.19,1.0,m2,0.0462,0.4,0.29334,0.0,https://www.environdec.com/library/epd31956,,Parameter Unit A1-3*** A4 A5 B1-B7 C1 C2 C3 C4 D**
OK,Indonesia,gypsum/board,Jayaboard Soundstop 12mm,PT. Knauf Plasterboard Indonesia,EPD-IES-0031961:001,3.09,1.0,m2,0.11,0.771,0.7007,0.0,https://www.environdec.com/library/epd31961,,Parameter Unit A1-3*** A4 A5 B1-B7 C1 C2 C3 C4 D**
OK,Indonesia,gypsum/board,Knauf Fireshield 13mm,PT. Knauf Plasterboard Indonesia,EPD-IES-0031960:001,3.38,1.0,m2,0.11,0.783,0.69949,0.0,https://www.environdec.com/library/epd31960,,Parameter Unit A1-3*** A4 A5 B1-B7 C1 C2 C3 C4 D**
OK,Indonesia,gypsum/board,Knauf Soundshield 12mm,PT. Knauf Plasterboard Indonesia,EPD-IES-0031962:002,3.1,1.0,m2,0.11,0.772,0.7007,0.0,https://www.environdec.com/library/epd31962,,Parameter Unit A1-3*** A4 A5 B1-B7 C1 C2 C3 C4 D**
OK,Indonesia,gypsum/board,Knauf Standard Shield 12mm,PT. Knauf Plasterboard Indonesia,EPD-IES-0031958:001,1.82,1.0,m2,0.0673,0.537,0.42717,0.0,https://www.environdec.com/library/epd31958,,Parameter Unit A1-3*** A4 A5 B1-B7 C1 C2 C3 C4 D**
REFUSED,Thailand,gypsum/board,DuraLine 13 mm,"Saint-Gobain (Thailand) Co., Ltd.",EPD-IES-0001401:003 (S-P-01401),,,,,,,,https://www.environdec.com/library/epd1401,"column mismatch: header has 1 modules, GWP row has 15 numbers",
OK,Thailand,gypsum/board,Easy Finish 9mm,"The Siam Gypsum Industry (Saraburi) Co., Ltd.",EPD-IES-0025300:009,1.42,1.0,m2,0.577,0.378,0.6067800000000001,0.0,https://www.environdec.com/library/epd25300,,Parameter Unit A1-3*** A4 A5 B1-B7 C1 C2 C3 C4 D**
OK,Thailand,gypsum/board,Easy Finish MR 9mm,"The Siam Gypsum Industry (Saraburi) Co., Ltd.",EPD-IES-0025299:008,1.32,1.0,m2,0.62,0.406,0.62307,0.0,https://www.environdec.com/library/epd25299,,Parameter Unit A1-3*** A4 A5 B1-B7 C1 C2 C3 C4 D**
OK,Thailand,gypsum/board,FireBloc 15mm,"The Siam Gypsum Industry (Saraburi) Co., Ltd.",EPD-IES-0031751:006,2.89,1.0,m2,0.108,0.779,1.2867499999999998,0.0,https://www.environdec.com/library/epd31751,,Parameter Unit A1-3*** A4 A5 B1-B7 C1 C2 C3 C4 D**
OK,Thailand,gypsum/board,FireBloc 16mm,"The Siam Gypsum Industry (Saraburi) Co., Ltd.",EPD-IES-0025296:009,3.71,1.0,m2,1.45,0.953,0.7285,0.0,https://www.environdec.com/library/epd25296,,Parameter Unit A1-3*** A4 A5 B1-B7 C1 C2 C3 C4 D**
REFUSED,Thailand,gypsum/board,Firestop,"Saint-Gobain (Thailand) Co., Ltd.",EPD-IES-0001402:004 (S-P-01402),,,,,,,,https://www.environdec.com/library/epd1402,"column mismatch: header has 1 modules, GWP row has 15 numbers",
REFUSED,Thailand,gypsum/board,Firestop M2Tech Type C 12.7 mm,"Saint-Gobain (Thailand) Co., Ltd.",EPD-IES-0010802:002 (S-P-10802),,,,,,,,https://www.environdec.com/library/epd10802,"column mismatch: header has 1 modules, GWP row has 15 numbers",
OK,Thailand,gypsum/board,Flex Board 6mm,"The Siam Gypsum Industry (Saraburi) Co., Ltd.",EPD-IES-0025298:008,1.04,1.0,m2,0.588,0.385,0.0455479,0.0,https://www.environdec.com/library/epd25298,,Parameter Unit A1-3*** A4 A5 B1-B7 C1 C2 C3 C4 D**
OK,Thailand,gypsum/board,GlassBloc 12.7mm,"The Siam Gypsum Industry (Saraburi) Co., Ltd.",EPD-IES-0031771:004,2.97,1.0,m2,0.105,0.507,1.08315,0.0,https://www.environdec.com/library/epd31771,,Parameter Unit A1-3*** A4 A5 B1-B7 C1 C2 C3 C4 D**
REFUSED,Thailand,gypsum/board,Gyproc Activ’Air Board,"Saint-Gobain (Thailand) Co., Ltd.",EPD-IES-0004695:001 (S-P-04695),,,,,,,,https://www.environdec.com/library/epd4695,no GWP row with a readable module header,
REFUSED,Thailand,gypsum/board,Gyproc Regular Board,"Saint-Gobain (Thailand) Co., Ltd.",EPD-IES-0004687:003 (S-P-04687),,,,,,,,https://www.environdec.com/library/epd4687,"column mismatch: header has 1 modules, GWP row has 13 numbers",
REFUSED,Thailand,gypsum/board,Gyproc glasroc X/H Board,"Saint-Gobain (Thailand) Co., Ltd.",EPD-IES-0004694:003 (S-P-04694),,,,,,,,https://www.environdec.com/library/epd4694,"column mismatch: header has 1 modules, GWP row has 13 numbers",
REFUSED,Thailand,gypsum/board,Habito 12.5 mm,"Saint-Gobain (Thailand) Co., Ltd.",EPD-IES-0001404:003 (S-P-01404),,,,,,,,https://www.environdec.com/library/epd1404,"column mismatch: header has 1 modules, GWP row has 15 numbers",
REFUSED,Thailand,gypsum/board,M2Tech 15.9 mm,"Saint-Gobain (Thailand) Co., Ltd.",EPD-IES-0001405:004 (S-P-01405),,,,,,,,https://www.environdec.com/library/epd1405,"column mismatch: header has 1 modules, GWP row has 15 numbers",
OK,Thailand,gypsum/board,MoistBloc 12mm,"The Siam Gypsum Industry (Saraburi) Co., Ltd.",EPD-IES-0031747:006,1.84,1.0,m2,0.0651,0.528,1.06782,0.0,https://www.environdec.com/library/epd31747,,Parameter Unit A1-3*** A4 A5 B1-B7 C1 C2 C3 C4 D**
OK,Thailand,gypsum/board,MoistBloc 9mm,"The Siam Gypsum Industry (Saraburi) Co., Ltd.",EPD-IES-0031744:005,1.33,1.0,m2,0.0555,0.35,0.92167,0.0,https://www.environdec.com/library/epd31744,,Parameter Unit A1-3*** A4 A5 B1-B7 C1 C2 C3 C4 D**
OK,Thailand,gypsum/board,MoistBloc 9mm,"The Siam Gypsum Industry (Saraburi) Co., Ltd.",EPD-IES-0025297:008,1.31,1.0,m2,0.62,0.406,0.6220699999999999,0.0,https://www.environdec.com/library/epd25297,,Parameter Unit A1-3*** A4 A5 B1-B7 C1 C2 C3 C4 D**
OK,Thailand,gypsum/board,MultiWall 15mm,"The Siam Gypsum Industry (Saraburi) Co., Ltd.",EPD-IES-0031769:005,2.82,1.0,m2,0.108,0.779,1.38675,0.0,https://www.environdec.com/library/epd31769,,Parameter Unit A1-3*** A4 A5 B1-B7 C1 C2 C3 C4 D**
OK,Thailand,gypsum/board,MultiWall 15mm,"The Siam Gypsum Industry (Saraburi) Co., Ltd.",EPD-IES-0025302:008,4.09,1.0,m2,1.45,0.953,1.4625000000000001,0.0,https://www.environdec.com/library/epd25302,,Parameter Unit A1-3*** A4 A5 B1-B7 C1 C2 C3 C4 D**
OK,Thailand,gypsum/board,MultiWall MR 15mm,"The Siam Gypsum Industry (Saraburi) Co., Ltd.",EPD-IES-0025301:008,4.35,1.0,m2,1.45,0.953,0.8075,0.0,https://www.environdec.com/library/epd25301,,Parameter Unit A1-3*** A4 A5 B1-B7 C1 C2 C3 C4 D**
REFUSED,Thailand,gypsum/board,SCG Smartboard,SCG,EPD-IES-0013506:001 (S-P-13506),,,,,,,,https://www.environdec.com/library/epd13506,"column mismatch: header has 8 modules, GWP row has 9 numbers",
REFUSED,Thailand,gypsum/board,SCG Smartboard Tapered Edge,SCG,EPD-IES-0013533:001 (S-P-13533),,,,,,,,https://www.environdec.com/library/epd13533,"column mismatch: header has 8 modules, GWP row has 9 numbers",
REFUSED,Thailand,gypsum/board,Shaftliner M2Tech Type X 25.4 mm,"Saint-Gobain (Thailand) Co., Ltd.",EPD-IES-0009172:002 (S-P-09172),,,,,,,,https://www.environdec.com/library/epd9172,"column mismatch: header has 1 modules, GWP row has 15 numbers",
OK,Thailand,gypsum/board,Standard Board 12mm,"The Siam Gypsum Industry (Saraburi) Co., Ltd.",EPD-IES-0025303:008,1.63,1.0,m2,0.812,0.532,0.64893,0.0,https://www.environdec.com/library/epd25303,,Parameter Unit A1-3*** A4 A5 B1-B7 C1 C2 C3 C4 D**
OK,Thailand,gypsum/board,Standard Board 9mm,"The Siam Gypsum Industry (Saraburi) Co., Ltd.",EPD-IES-0004187:002,0.876,1.0,m2,0.0517,0.384,0.89621,0.0,https://www.environdec.com/library/epd4187,,Parameter Unit A1-3*** A4 A5 B1-B7 C1 C2 C3 C4 D**
OK,Thailand,gypsum/board,Standard Board 9mm,"The Siam Gypsum Industry (Saraburi) Co., Ltd.",EPD-IES-0025304:008,1.33,1.0,m2,0.577,0.378,0.6057800000000001,0.0,https://www.environdec.com/library/epd25304,,Parameter Unit A1-3*** A4 A5 B1-B7 C1 C2 C3 C4 D**
REFUSED,Vietnam,gypsum/board,DURAflex/DURAwood Low Carbon fiber cement board 10mm,Saint-Gobain Vietnam Limited,EPD-IES-0026611:001,,,,,,,,https://www.environdec.com/library/epd26611,"column mismatch: header has 1 modules, GWP row has 16 numbers",
REFUSED,Vietnam,gypsum/board,DURAflex/DURAwood Low Carbon fiber cement board 12mm,Saint-Gobain Vietnam Limited,EPD-IES-0026612:001,,,,,,,,https://www.environdec.com/library/epd26612,"column mismatch: header has 1 modules, GWP row has 16 numbers",
REFUSED,Vietnam,gypsum/board,DURAflex/DURAwood Low Carbon fiber cement board 6mm,Saint-Gobain Vietnam Limited,EPD-IES-0026607:001,,,,,,,,https://www.environdec.com/library/epd26607,"column mismatch: header has 1 modules, GWP row has 16 numbers",
REFUSED,Vietnam,gypsum/board,DURAflex/DURAwood Low Carbon fiber cement board 8mm,Saint-Gobain Vietnam Limited,EPD-IES-0026610:001,,,,,,,,https://www.environdec.com/library/epd26610,"column mismatch: header has 1 modules, GWP row has 16 numbers",
REFUSED,India,insulation,Berger External Thermal Insulation & Composite Systems (ETICS),Berger Paints India Limited,EPD-IES-0033990:001,,,,,,,,https://www.environdec.com/library/epd33990,"column mismatch: header has 15 modules, GWP row has 6 numbers",
REFUSED,India,insulation,Smart PIR Panel,Asawa Insulation Private Limited,EPD-IES-0005242:002,,,,,,,,https://www.environdec.com/library/epd5242,no GWP row with a readable module header,
OK,India,insulation,Thermal Insulation Products,ALP AEROFLEX INDIA PRIVATE LIMITED,EPD-IES-0015196:003,4.59,1.0,kg,0.151,0.00325,0.05113,-0.0539,https://www.environdec.com/library/epd15196,,Indicator Unit A1-A3 A4 A5 C1 C2 C3 C4 D
OK,India,insulation,"XLPE Foam Thermal & Acoustic Insulation Products (Rolls, Sheets and Tube)",Aerolam Insulations Private Limted,EPD-IES-0025912:003,5.08,1.0,kg,0.0886,0.00231,0.022900000037000004,-0.00894,https://www.environdec.com/library/epd25912,,Indicator Unit A1-A3 A4 A5 C1 C2 C3 C4 D
OK,India,insulation,XLPE Thermal Insulation Products,ALP AEROFLEX INDIA PRIVATE LIMITED,EPD-IES-0016326:001,6.65,1.0,kg,0.152,0.00429,0.056960000000000004,0.0,https://www.environdec.com/library/epd16326,,indicators Unit A1-A3 A4 A5 C1 C2 C3 C4 D
OK,Thailand,insulation,SCG Blanket Insulation,SCG,EPD-IES-0025118:001,0.804,1.0,m²,0.111,0.00235,0.16036,0.0,https://www.environdec.com/library/epd25118,,Indicator Unit A1 - A3 A4 A5 C1 C2 C3 C4 D
OK,Thailand,insulation,SCG Board Insulation,SCG,EPD-IES-0025117:001,1.06,1.0,m²,0.142,0.00445,0.184385,0.0,https://www.environdec.com/library/epd25117,,Indicator Unit A1 - A3 A4 A5 C1 C2 C3 C4 D
OK,Thailand,insulation,SCG Cylence Batts,SCG,EPD-IES-0025121:001,1.53,1.0,m²,0.129,0.0563,0.176031,0.0,https://www.environdec.com/library/epd25121,,Indicator Unit A1 - A3 A4 A5 C1 C2 C3 C4 D
OK,Thailand,insulation,SCG Cylence Zandera,SCG,EPD-IES-0025122:001,6.99,1.0,m²,0.422,0.00702,0.41474,0.0,https://www.environdec.com/library/epd25122,,Indicator Unit A1 - A3 A4 A5 C1 C2 C3 C4 D
OK,Thailand,insulation,SCG Cylence Zoundblock & Cylence Zoftone,SCG,EPD-IES-0025123:001,2.42,1.0,m²,0.223,0.0139,0.248922,0.0,https://www.environdec.com/library/epd25123,,Indicator Unit A1 - A3 A4 A5 C1 C2 C3 C4 D
OK,Thailand,insulation,SCG Encapsulated Insulation,SCG,EPD-IES-0024612:001,0.532,1.0,m²,0.0681,0.0116,0.142981,0.0,https://www.environdec.com/library/epd24612,,Indicator Unit A1 - A3 A4 A5 C1 C2 C3 C4 D
OK,Thailand,insulation,SCG Green Batts,SCG,EPD-IES-0025120:001,0.654,1.0,m²,0.0465,0.0304,0.063692,0.0,https://www.environdec.com/library/epd25120,,Indicator Unit A1 - A3 A4 A5 C1 C2 C3 C4 D
OK,Vietnam,insulation,Aerofoam XF sheets & rolls,Hira Manufacturing LLC,EPD-IES-0027503:002,1.66,0.855,kg,,,,1.6,https://www.environdec.com/library/epd27503,,A1-A3 A-C/D A1-A3 A-C/D A1-A3 A-C/D
REFUSED,Vietnam,insulation,Aerofoam® XF Tube – ID 609 mm (50mm thickness),Hira Manufacturing LLC,EPD-IES-0028517:002,,,,,,,,https://www.environdec.com/library/epd28517,no GWP row with a readable module header,
OK,Thailand,insulation (uncertain),SCG  Pipe Insulation,SCG,EPD-IES-0025119:001,0.834,1.0,m²,0.0777,0.000559,0.087421,0.0,https://www.environdec.com/library/epd25119,,Indicator Unit A1 - A3 A4 A5 C1 C2 C3 C4 D
OK,India,masonry,Brick,Jay Jalaram Bricks,EPD-IES-0014544:002,80.2,1000.0,kg,116.0,,15.639,-49.5,https://www.environdec.com/library/epd14544,,Indicator Unit A1-A3 A4 C1 C2 C3 C4 D
OK,India,metal,"Aluminium Billet \""Continuum\""",CMR Green Technologies Limited,EPD-IES-0028287:001,1490.0,1.0,tonne,,4.37,12.014,3840.0,https://www.environdec.com/library/epd28287,,Indicator Unit A1-A3 A5 C1 C2 C3 C4 D
OK,India,metal,Continuous Cast Copper Rod,Vedanta Limited - Sterlite Copper,EPD-IES-0024700:001,4120.0,1.0,tonne,,,24.310000000000002,-2830.0,https://www.environdec.com/library/epd24700,,Impact indicators Unit A1-A3 C1 C2 C3 C4 D
OK,India,metal,"FR A2, FR B & Non-FR Aluminium Composite Panel",Viva Composite Panels Private Limited,EPD-IES-0022440:002,26.2,1.0,m2,,,0.4575,-20.4,https://www.environdec.com/library/epd22440,,Indicator Unit A1-A3 C1 C2 C3 C4 D
REFUSED,India,metal,Powder Coated Aluminium Extruded Profiles,BHORUKA EXTRUSIONS PRIVATE LIMITED,EPD-IES-0028927:001,,,,,,,,https://www.environdec.com/library/epd28927,no GWP row with a readable module header,
REFUSED,India,metal,Restora,VEDANTA ALUMINIUM LIMITED,EPD-IES-0017334:005,,,,,,,,https://www.environdec.com/library/epd17334,no GWP row with a readable module header,
REFUSED,India,metal,Restora Ultra,VEDANTA ALUMINIUM LIMITED,EPD-IES-0017309:005,,,,,,,,https://www.environdec.com/library/epd17309,no GWP row with a readable module header,
REFUSED,India,metal,Zinc Product,Hindustan Zinc Limited,EPD-IES-0006472:001 (S-P-06472),,,,,,,,https://www.environdec.com/library/epd6472,no A1-A3 column in header: Parameter Unit A1 A2 A3 C1 C2 C3 C4 D,
REFUSED,Thailand,metal,EXTRUDED ANODIZED ALUMINIUM PROFILES,"Schimmer Metal Standard Co.,Ltd.",EPD-IES-0019447:003,,,,,,,,https://www.environdec.com/library/epd19447,"column mismatch: header has 6 modules, GWP row has 7 numbers",
REFUSED,Thailand,metal,EXTRUDED MILL FINISHED ALUMINIUM PROFILES,"Schimmer Metal Standard Co.,Ltd.",EPD-IES-0019446:004,,,,,,,,https://www.environdec.com/library/epd19446,"column mismatch: header has 6 modules, GWP row has 7 numbers",
REFUSED,Thailand,metal,EXTRUDED POWDER PAINTED ALUMINIUM PROFILES,"Schimmer Metal Standard Co.,Ltd.",EPD-IES-0019448:003,,,,,,,,https://www.environdec.com/library/epd19448,"column mismatch: header has 6 modules, GWP row has 7 numbers",
REFUSED,Thailand,metal,EXTRUDED PVDF PAINTED ALUMINIUM PROFILES,"Schimmer Metal Standard Co.,Ltd.",EPD-IES-0019449:003,,,,,,,,https://www.environdec.com/library/epd19449,"column mismatch: header has 6 modules, GWP row has 7 numbers",
REFUSED,Vietnam,metal,Bare Copper Wire - CW 1.2 mm to CW 3.2 mm,"CFT VINA COPPER CO., LTD",EPD-IES-0033853:001,,,,,,,,https://www.environdec.com/library/epd33853,no GWP row with a readable module header,
REFUSED,Vietnam,metal,Electrolytic Tough Pitch (ETP) Copper Rod,"CFT VINA COPPER CO., LTD",EPD-IES-0033852:001,,,,,,,,https://www.environdec.com/library/epd33852,"column mismatch: header has 4 modules, GWP row has 2 numbers",
OK,India,other,Acoustic Modular Designer Control Room Interiors with Modular Metal Paneling/ Partition and Designer Metal Ceiling,ONEPWS PRIVATE LIMITED,EPD-IES-0013848:002 (S-P-13848),4710.0,1.0,ton,210.0,283.0,102.608,-505.0,https://www.environdec.com/library/epd13848,,Indicator Unit A1-A3 A4 A5 C1 C2 C3 C4 D
REFUSED,India,other,Door System,Kubik India Private Limited,EPD-IES-0004379:001 (S-P-04379),,,,,,,,https://www.environdec.com/library/epd4379,no A1-A3 column in header: 15804:2012+A2:2019 specifies ‘IPCC (2013)’ (AR5) as the reference for the GWP in,
OK,India,other,Flexi Raised Access Floors,AET Building Products India Pvt. Limited,EPD-IES-0020985:001,53.1,1.0,m2,0.39,0.183,0.548,-14.2,https://www.environdec.com/library/epd20985,,Indicator Unit A1-A3 A4 A5 C1 C2 C3 C4 D
REFUSED,India,other,Partitions System,Kubik India Private Limited,EPD-IES-0004636:001 (S-P-04636),,,,,,,,https://www.environdec.com/library/epd4636,no A1-A3 column in header: reported in the EPD according to the mentioned PCR in modular format of A -D fro,
OK,India,other,Punched Window – PW - 450,Glass Wall Systems India Ltd,EPD-IES-0028173:001,59.0,1.0,m2,108.0,0.0431,0.8452999999999999,-8.07,https://www.environdec.com/library/epd28173,,Indicator Unit A1-A3 A4 A5 C1 C2 C3 C4 D
OK,India,other,Raised Access Floor Panels,PWS Floors LLP,EPD-IES-0031930:002,49.6,1.0,m2,6.37,0.19,1.6738,-12.8,https://www.environdec.com/library/epd31930,,Indicator Unit A1-A3 A4 A5 B1 B2 B3 B4 B5 B6 B7 C1 C2 C3 C4 D
OK,India,other,Store Front SF-102,Glass Wall Systems India Ltd,EPD-IES-0028218:001,77.1,1.0,m2,150.0,0.0431,2.8026999999999997,-473.0,https://www.environdec.com/library/epd28218,,Indicator Unit A1-A3 A4 A5 C1 C2 C3 C4 D
REFUSED,India,other,VDS Fixed Partition,Saint-Gobain India Private Limited,EPD-IES-0009224:001 (S-P-09224),,,,,,,,https://www.environdec.com/library/epd9224,no GWP row with a readable module header,
REFUSED,India,other,VDS® SWING DOOR frame,Saint-Gobain India Private Limited,EPD-IES-0024244:002,,,,,,,,https://www.environdec.com/library/epd24244,no GWP row with a readable module header,
REFUSED,India,other,Windor 48.5mm Thick Laminate Finished Flush Door with Hardware Product,Windor India Pvt Limited,EPD-IES-0032027:001,,,,,,,,https://www.environdec.com/library/epd32027,"column mismatch: header has 8 modules, GWP row has 1 numbers",
REFUSED,India,other,Windor Duplus Modular Double Glass Partition System,Windor India Pvt Limited,EPD-IES-0022356:002,,,,,,,,https://www.environdec.com/library/epd22356,"column mismatch: header has 8 modules, GWP row has 1 numbers",
REFUSED,India,other,Windor Modular Single Leaf Double Glazed Style Door System,Windor India Pvt Limited,EPD-IES-0032026:001,,,,,,,,https://www.environdec.com/library/epd32026,"column mismatch: header has 8 modules, GWP row has 1 numbers",
REFUSED,India,other,Windor Modular Single Leaf Single Glazed Style Door System,Windor India Pvt Limited,EPD-IES-0032024:001,,,,,,,,https://www.environdec.com/library/epd32024,"column mismatch: header has 8 modules, GWP row has 1 numbers",
REFUSED,India,other,Windor Mono Modular Single Glass Partition System,Windor India Pvt Limited,EPD-IES-0022355:003,,,,,,,,https://www.environdec.com/library/epd22355,"column mismatch: header has 8 modules, GWP row has 1 numbers",
REFUSED,India,other,Windor Movewall - Sliding Folding partition,Windor India Pvt Limited,EPD-IES-0022358:001,,,,,,,,https://www.environdec.com/library/epd22358,"column mismatch: header has 8 modules, GWP row has 1 numbers",
REFUSED,India,other,Windor Primewall - 100MM Modular Solid Partition,Windor India Pvt Limited,EPD-IES-0022357:001,,,,,,,,https://www.environdec.com/library/epd22357,"column mismatch: header has 8 modules, GWP row has 1 numbers",
OK,India,other,Window Wall WW-9500,Glass Wall Systems India Ltd,EPD-IES-0028246:001,65.7,1.0,m2,140.0,0.0431,3.0049,-160.0,https://www.environdec.com/library/epd28246,,Indicator Unit A1-A3 A4 A5 C1 C2 C3 C4 D
REFUSED,India,other (uncertain),Average Fencing Products,SUYASH GLOBAL PVT LTD,EPD-IES-0009208:001 (S-P-09208),,,,,,,,https://www.environdec.com/library/epd9208,no GWP row with a readable module header,
REFUSED,India,other (uncertain),Game Changer 100% Recycled BCF Cabled Heat Set Yarn,AYM Syntex Limited,EPD-IES-0024227:003,,,,,,,,https://www.environdec.com/library/epd24227,"column mismatch: header has 6 modules, GWP row has 7 numbers",
REFUSED,India,other (uncertain),Game Changer 100% Recycled BCF Intermingled Yarn,AYM Syntex Limited,EPD-IES-0024226:003,,,,,,,,https://www.environdec.com/library/epd24226,"column mismatch: header has 6 modules, GWP row has 7 numbers",
OK,India,other (uncertain),MAXACORE® Geo Woven Geotextile Fabric,Shri Ambica Polymer Private Limited,EPD-IES-0033669:002,4.07,1.0,kg,,0.00314,0.0362821,-0.0418,https://www.environdec.com/library/epd33669,,Indicator Unit A1-A3 A5 C1 C2 C3 C4 D
REFUSED,India,other (uncertain),POLYGRIDS® Fiberglass Geocomposite for Asphalt Reinforcement,Polyon Textiles Private Limited,EPD-IES-0033202:001,,,,,,,,https://www.environdec.com/library/epd33202,"column mismatch: header has 8 modules, GWP row has 1 numbers",
REFUSED,India,other (uncertain),POLYGRIDS® Fiberglass Geogrids for Asphalt Reinforcement,Polyon Textiles Private Limited,EPD-IES-0033207:001,,,,,,,,https://www.environdec.com/library/epd33207,"column mismatch: header has 8 modules, GWP row has 1 numbers",
REFUSED,India,other (uncertain),TECHDRAIN- Drainage Composite,TECHFAB India Industries Limited,EPD-IES-0013756:001 (S-P-13756),,,,,,,,https://www.environdec.com/library/epd13756,"column mismatch: header has 9 modules, GWP row has 1 numbers",
REFUSED,India,other (uncertain),TECHGEO- Nonwoven needle punched geotextile fabric,TECHFAB India Industries Limited,EPD-IES-0013757:001 (S-P-13757),,,,,,,,https://www.environdec.com/library/epd13757,no GWP row with a readable module header,
REFUSED,Vietnam,other (uncertain),LVT FLOORING,"Vietnam Hengli New Materials Co., Ltd",EPD-IES-0031364:002,,,,,,,,https://www.environdec.com/library/epd31364,"column mismatch: header has 15 modules, GWP row has 1 numbers",
REFUSED,Vietnam,other (uncertain),SPC FLOORING,"Vietnam Hengli New Materials Co., Ltd",EPD-IES-0031365:002,,,,,,,,https://www.environdec.com/library/epd31365,"column mismatch: header has 15 modules, GWP row has 1 numbers",
REFUSED,Vietnam,other (uncertain),WPC FLOORING,"Vietnam Hengli New Materials Co., Ltd",EPD-IES-0031366:002,,,,,,,,https://www.environdec.com/library/epd31366,"column mismatch: header has 15 modules, GWP row has 1 numbers",
REFUSED,Vietnam,other (uncertain),Wood Plastic Composite Product,EVERLAST VIETNAM COMPANY LIMITED,EPD-IES-0028268:001,,,,,,,,https://www.environdec.com/library/epd28268,no A1-A3 column in header: A5 C1 C2 C3 C4 D,
OK,India,roofing/cladding,Greencor- Non-Asbestos Corrugated Sheet,Ramco Industries Limited,EPD-IES-0017246:001,7.71,1.0,m2,1.22,6.97e-05,0.4326,0.0,https://www.environdec.com/library/epd17246,,Indicator Unit A1-A3 A4 A5 C1 C2 C3 C4 D
OK,India,roofing/cladding,HiluxLite- Ultra Light Ceiling Tile,Ramco Industries Limited,EPD-IES-0017245:001,8.49,1.0,m2,0.0417,0.268,0.3403,0.0,https://www.environdec.com/library/epd17245,,Indicator Unit A1-A3 A4 A5 C1 C2 C3 C4 D
REFUSED,India,roofing/cladding,Roof Kool and Seal,Berger Paints India Limited,EPD-IES-0033989:002,,,,,,,,https://www.environdec.com/library/epd33989,no GWP row with a readable module header,
REFUSED,Thailand,roofing/cladding,SCG MODEENA & MODISH,SCG,EPD-IES-0013532:001 (S-P-13532),,,,,,,,https://www.environdec.com/library/epd13532,"column mismatch: header has 8 modules, GWP row has 9 numbers",
REFUSED,India,steel,"Alu-Zinc Coated, Galvanised and Pre-painted steel coil,sheets and profile",Colorshine Coated Private Limited,EPD-IES-0024698:003,,,,,,,,https://www.environdec.com/library/epd24698,"column mismatch: header has 7 modules, GWP row has 1 numbers",
OK,India,steel,Austenitic Cold Rolled Annealed Pickled Sheets and Coils,Jindal Stainless Limited,EPD-IES-0007804:003 (S-P-07804),5230.0,1.0,tonne,,,12.789,-2940.0,https://www.environdec.com/library/epd7804,,Impact indicators Unit A1-A3 C1 C2 C3 C4 D
OK,India,steel,Austenitic Hot Rolled Annealed Pickled Plates and Coils,Jindal Stainless Limited,EPD-IES-0007840:002 (S-P-07840),4840.0,1.0,tonne,,,12.787,-2950.0,https://www.environdec.com/library/epd7840,,Impact indicators Unit A1-A3 C1 C2 C3 C4 D
OK,India,steel,Average Cold rolled closed annealed coil,Tata Steel Limited,EPD-IES-0021267:002,3250.0,1.0,tonne,,,8.93,-1450.0,https://www.environdec.com/library/epd21267,,Indicator Unit A1 - A3 C1 C2 C3 C4 D
OK,India,steel,Average Steel Slab,Tata Steel Limited,EPD-IES-0021266:001,2450.0,1.0,tonne,,,8.93,-1450.0,https://www.environdec.com/library/epd21266,,Indicator Unit A1 - A3 C1 C2 C3 C4 D
REFUSED,India,steel,Average of Finished Flat Products (Steel),JSW Steel Limited,EPD-IES-0005017:001 (S-P-05017),,,,,,,,https://www.environdec.com/library/epd5017,document download returned 400,
REFUSED,India,steel,Bhuwalka Premier TMT Bars,Bhuwalka Premier Group,EPD-IES-0028749:003,,,,,,,,https://www.environdec.com/library/epd28749,"column mismatch: header has 15 modules, GWP row has 6 numbers",
REFUSED,India,steel,COLORBOND® steel & ZINCALUME® steel,Tata BlueScope Steel Pvt. Ltd.,EPD-IES-0002112:001 (S-P-02112),,,,,,,,https://www.environdec.com/library/epd2112,no document link on the library page,
OK,India,steel,Coal-Based Direct Reduced Iron product,Lloyds Metals and Energy Limited,EPD-IES-0026136:001,2300.0,1.0,tonne,,,,,https://www.environdec.com/library/epd26136,,Impact indicators Unit A1-A3
OK,India,steel,Ferritic Cold Rolled Annealed Pickled Sheets and Coils,Jindal Stainless Limited,EPD-IES-0026583:002,4480.0,1.0,tonne,,,12.789,-436.0,https://www.environdec.com/library/epd26583,,Impact indicators Unit A1-A3 C1 C2 C3 C4 D
OK,India,steel,Ferritic Hot Rolled Annealed Pickled Plates and Coils,Jindal Stainless Limited,EPD-IES-0026582:002,4000.0,1.0,tonne,,,12.789,-723.0,https://www.environdec.com/library/epd26582,,Impact indicators Unit A1-A3 C1 C2 C3 C4 D
OK,India,steel,Finished Long Products (Steel),JSW Steel Limited,EPD-IES-0004326:001 (S-P-04326),2420.0,1000.0,kg,,,0.006229999999999999,-1360.0,https://www.environdec.com/library/epd4326,,Parameter Unit A1-A3 C1 C2 C3 C4 D
REFUSED,India,steel,"GDPA FASTENERS: Screws, Nuts & Accessories",GDPA Fasteners,EPD-IES-0020175:002,,,,,,,,https://www.environdec.com/library/epd20175,"column mismatch: header has 7 modules, GWP row has 10 numbers",
OK,India,steel,Hot Dip Galvanized Pole and High Mast,Skipper Limited,EPD-IES-0004977:002,3240.0,1.0,tonne,,1.92,6.35,-1240.0,https://www.environdec.com/library/epd4977,,Indicator Unit A1-A3 A5 C1 C2 C3 C4 D
OK,India,steel,"Hot-Rolled (HR) Products, Rourkela Steel Plant-Steel Authority of India Limited(SAIL)",Steel Authority of India Limited,EPD-IES-0031555:002,2509.0,1000.0,kg,70.42,,14.13686,-1254.0,https://www.environdec.com/library/epd31555,,Indicator Unit A1-A3 A4 C1 C2 C3 C4 D
OK,India,steel,LRPC Strand Products,USHA MARTIN LIMITED,EPD-IES-0031184:001,3250.0,1.0,tonne,,1.61,14.491999999999999,-1570.0,https://www.environdec.com/library/epd31184,,Indicator Unit A1-A3 A5 C1 C2 C3 C4 D
OK,India,steel,Magnelis (Metallic Coated Sheet),ArcelorMittal Nippon Steel India Private Limited,EPD-IES-0031097:002,2460.0,1000.0,kg,99.5,29.2,204.64,-1520.0,https://www.environdec.com/library/epd31097,,Indicator Unit Total A1-A3 A4 A5 C1 C2 C3 C4 D
OK,India,steel,Optigal (Metallic colour coated steel),ArcelorMittal Nippon Steel India Private Limited,EPD-IES-0029223:002,2110.0,1000.0,kg,99.5,12.3,686.6400000000001,-1520.0,https://www.environdec.com/library/epd29223,,Indicator Unit Total A1-A3 A4 A5 C1 C2 C3 C4 D
OK,India,steel,"Plate Mill Plate, Bhilai Steel Plant- Steel Authority of India Limited (SAIL)",Steel Authority of India Limited,EPD-IES-0030269:002,2511.0,,,65.25,,14.16272,-1241.0,https://www.environdec.com/library/epd30269,,Indicator Unit A1-A3 A4 C1 C2 C3 C4 D
OK,India,steel,"Plate Mill Plate, Rourkela Steel Plant-Steel Authority of India Limited(SAIL)",Steel Authority of India Limited,EPD-IES-0031556:002,2611.0,1000.0,kg,70.42,,14.16572,-1320.0,https://www.environdec.com/library/epd31556,,Indicator Unit A1-A3 A4 C1 C2 C3 C4 D
OK,India,steel,Satin Silver®  & Satin Silver® Supreme - Meramandali,Tata BlueScope Steel Pvt. Ltd.,EPD-IES-0023919:002,3630.0,1.0,tonne,,,9.604000000000001,-1400.0,https://www.environdec.com/library/epd23919,,Indicator Unit A1 - A3 C1 C2 C3 C4 D
OK,India,steel,Satin Silver® &   Satin Silver® Supreme - Khopoli,Tata BlueScope Steel Pvt. Ltd.,EPD-IES-0025485:001,3530.0,1.0,tonne,,,7.764000000000001,-1400.0,https://www.environdec.com/library/epd25485,,Indicator Unit A1 - A3 C1 C2 C3 C4 D
OK,India,steel,Steel Flange,Echjay Forgings Pvt. Ltd.,EPD-IES-0028653:001,5510.0,1000.0,kg,432.0,4.72,343.716,-2910.0,https://www.environdec.com/library/epd28653,,Indicator Unit A1-A3 A4 A5 C1 C2 C3 C4 D
REFUSED,India,steel,Steel Plate Product,JSW Steel Limited,EPD-IES-0013786:001 (S-P-13786),,,,,,,,https://www.environdec.com/library/epd13786,"column mismatch: header has 6 modules, GWP row has 7 numbers",
REFUSED,India,steel,Steel Rebar,Raajratna Metal Industries Limited,EPD-IES-0009225:001 (S-P-09225),,,,,,,,https://www.environdec.com/library/epd9225,no GWP row with a readable module header,
OK,India,steel,Steel Rope,USHA MARTIN LIMITED,EPD-IES-0031180:001,2990.0,1.0,tonne,,1.78,14.491999999999999,-1570.0,https://www.environdec.com/library/epd31180,,Indicator Unit A1-A3 A5 C1 C2 C3 C4 D
OK,India,steel,Steel Rope Products,USHA MARTIN LIMITED,EPD-IES-0031183:001,4150.0,1.0,tonne,,0.00136,14.491999999999999,-1530.0,https://www.environdec.com/library/epd31183,,Indicator Unit A1-A3 A5 C1 C2 C3 C4 D
OK,India,steel,Steel Wire,USHA MARTIN LIMITED,EPD-IES-0031177:001,2600.0,1.0,tonne,,0.483,14.491999999999999,-1540.0,https://www.environdec.com/library/epd31177,,Indicator Unit A1-A3 A5 C1 C2 C3 C4 D
OK,India,steel,Steel Wire Products,USHA MARTIN LIMITED,EPD-IES-0031182:001,3460.0,1.0,tonne,,0.052,14.491999999999999,-1530.0,https://www.environdec.com/library/epd31182,,Indicator Unit A1-A3 A5 C1 C2 C3 C4 D
REFUSED,India,steel,"TMT Bars, Bhilai Steel Plant- Steel Authority of India Limited (SAIL)",Steel Authority of India Limited,EPD-IES-0031470:004,,,,,,,,https://www.environdec.com/library/epd31470,"column mismatch: header has 7 modules, GWP row has 8 numbers",
OK,India,steel,"Wire Rods, Bhilai Steel Plant- Steel Authority of India Limited (SAIL)",Steel Authority of India Limited,EPD-IES-0031087:002,2724.0,,,65.25,,14.13386,-1225.0,https://www.environdec.com/library/epd31087,,Indicator Unit A1-A3 A4 C1 C2 C3 C4 D
OK,Indonesia,steel,HOT ROLLED SHEET COIL PLATE,PT Gunung Raja Paksi Tbk,EPD-IES-0004683:003 (S-P-04683),1800.0,,,59.0,,201.0,360.0,https://www.environdec.com/library/epd4683,,A1-A3 A4 C1 C2 C3 C4 D
OK,Indonesia,steel,Hot Rolled Steel Wire Rod,PT THE MASTER STEEL MANUFACTORY INDONESIA (PT TMS),EPD-IES-0022961:001,2110.0,1.0,tonne,,,126.36,-1390.0,https://www.environdec.com/library/epd22961,,Impact category Unit A1-A3 C1 C2 C3 C4 D
OK,Indonesia,steel,Hot Rolling Coil,PT. Krakatau Posco,EPD-IES-0019977:002,2270.0,1.0,tonne,43.9,,162.46,-20.9,https://www.environdec.com/library/epd19977,,Indicator Unit Total A1-A3 A4 C1 C2 C3 C4 D
OK,Indonesia,steel,NEXALUME®,PT TATA METAL LESTARI,EPD-IES-0021282:001,3230.0,1.0,tonne,,,22.6751,-598.0,https://www.environdec.com/library/epd21282,,Indicator Unit A1-A3 C1 C2 C3 C4 D
REFUSED,Indonesia,steel,NEXCOLOR®,PT TATA METAL LESTARI,EPD-IES-0033540:001,,,,,,,,https://www.environdec.com/library/epd33540,no GWP row with a readable module header,
OK,Indonesia,steel,NEXIUM®,PT TATA METAL LESTARI,EPD-IES-0033538:001,3060.0,1.0,tonne,,,19.2271,-1400.0,https://www.environdec.com/library/epd33538,,Indicator Unit A1-A3 C1 C2 C3 C4 D
OK,Indonesia,steel,STRUCTURAL STEEL WELDED I-SECTION,PT Gunung Raja Paksi Tbk,EPD-IES-0004684:003 (S-P-04684),2600.0,1.0,tonne,93.0,,83.69999999999999,76.0,https://www.environdec.com/library/epd4684,,A1-A3 A4 C1 C2 C3 C4 D
REFUSED,Thailand,steel,Dextra GFRP rebars,Dextra group,EPD-IES-0009434:003 (S-P-09434),,,,,,,,https://www.environdec.com/library/epd9434,no GWP row with a readable module header,
REFUSED,Thailand,steel,Dextra rebar couplers,Dextra group,EPD-IES-0009433:002 (S-P-09433),,,,,,,,https://www.environdec.com/library/epd9433,no GWP row with a readable module header,
REFUSED,Thailand,steel,Pre-painted Magnesium Coated Steel  (Pre-painted MgCOT),"KG STEEL (THAILAND) CO., LTD.",EPD-IES-0021570:003,,,,,,,,https://www.environdec.com/library/epd21570,no document link on the library page,
REFUSED,Thailand,steel,SCG C-Channel,SCG,EPD-IES-0013534:001 (S-P-13534),,,,,,,,https://www.environdec.com/library/epd13534,"column mismatch: header has 8 modules, GWP row has 9 numbers",
OK,Vietnam,steel,BILLET,FORMOSA HA TINH STEEL CORPORATION,EPD-IES-0028363:003,2050.0,1.0,tonne,,,68.7,1620.0,https://www.environdec.com/library/epd28363,,Indicator Unit A1-A3 C2 C3 C4 D
OK,Vietnam,steel,BLOOM,FORMOSA HA TINH STEEL CORPORATION,EPD-IES-0028364:003,2050.0,1.0,tonne,,,71.5,1620.0,https://www.environdec.com/library/epd28364,,Indicator Unit A1-A3 C2 C3 C4 D
REFUSED,Vietnam,steel,Billet,VAS GROUP NGHI SON JOINT STOCK COMPANY,EPD-IES-0013772:003 (S-P-13772),,,,,,,,https://www.environdec.com/library/epd13772,"column mismatch: header has 7 modules, GWP row has 8 numbers",
REFUSED,Vietnam,steel,"Deformed bar, wire rod, deformed bar in coil",Tung Ho Steel Vietnam Corporation,EPD-IES-0004681:001 (S-P-04681),,,,,,,,https://www.environdec.com/library/epd4681,no extractable text (scanned image?),
OK,Vietnam,steel,HOT ROLLED COIL NON-SKINPASSED & HOT ROLLED COIL,FORMOSA HA TINH STEEL CORPORATION,EPD-IES-0028365:003,2360.0,1.0,tonne,,,71.5,1620.0,https://www.environdec.com/library/epd28365,,Indicator Unit A1-A3 C2 C3 C4 D
REFUSED,Vietnam,steel,Prime hot dip aluminum-zinc alloy coated steel sheet (GL),Hoa Sen group,EPD-IES-0022361:001,,,,,,,,https://www.environdec.com/library/epd22361,"column mismatch: header has 7 modules, GWP row has 9 numbers",
REFUSED,Vietnam,steel,Prime hot dip galvanized steel sheet (GI),Hoa Sen group,EPD-IES-0022360:001,,,,,,,,https://www.environdec.com/library/epd22360,"column mismatch: header has 7 modules, GWP row has 9 numbers",
REFUSED,Vietnam,steel,Prime pre-painted hot dip aluminum-zinc alloy coated steel sheet (PPGL),Hoa Sen group,EPD-IES-0022364:001,,,,,,,,https://www.environdec.com/library/epd22364,"column mismatch: header has 7 modules, GWP row has 9 numbers",
REFUSED,Vietnam,steel,Prime pre-painted hot dip galvanized steel sheet (PPGI),Hoa Sen group,EPD-IES-0022362:001,,,,,,,,https://www.environdec.com/library/epd22362,"column mismatch: header has 7 modules, GWP row has 9 numbers",
REFUSED,Vietnam,steel,Rebar,VAS GROUP NGHI SON JOINT STOCK COMPANY,EPD-IES-0013773:002 (S-P-13773),,,,,,,,https://www.environdec.com/library/epd13773,"column mismatch: header has 7 modules, GWP row has 8 numbers",
OK,Vietnam,steel,SLAB,FORMOSA HA TINH STEEL CORPORATION,EPD-IES-0028362:003,2050.0,1.0,tonne,,,71.5,1520.0,https://www.environdec.com/library/epd28362,,Indicator Unit A1-A3 C2 C3 C4 D
REFUSED,Vietnam,steel,Steel Structure - ATAD Steel Structure Corporation,ATAD Steel Structure Corporation,EPD-IES-0007670:001,,,,,,,,https://www.environdec.com/library/epd7670,"column mismatch: header has 6 modules, GWP row has 10 numbers",
OK,Vietnam,steel,WIRE ROD AND BAR IN COIL,FORMOSA HA TINH STEEL CORPORATION,EPD-IES-0028366:004,2450.0,1.0,tonne,,,71.5,1620.0,https://www.environdec.com/library/epd28366,,Indicator Unit A1-A3 C2 C3 C4 D
REFUSED,Vietnam,steel,Wire Rod,VAS GROUP NGHI SON JOINT STOCK COMPANY,EPD-IES-0013774:002 (S-P-13774),,,,,,,,https://www.environdec.com/library/epd13774,"column mismatch: header has 7 modules, GWP row has 8 numbers",
OK,India,steel (uncertain),Average Red oxide/3LPE/Epoxy coated Steel Pipes,Surya Roshni Limited,EPD-IES-0012003:001 (S-P-12003),2900.0,1.0,ton,,0.0464,6.140000000000001,-1520.0,https://www.environdec.com/library/epd12003,,Parameters A1-A3 A5 C1 C2 C3 C4 D
OK,India,steel (uncertain),CRA Welded Pipe,Jindal SAW Limited,EPD-IES-0012015:003 (S-P-12015),1968.07,1000.0,kg,,,86.42,0.0,https://www.environdec.com/library/epd12015,,Indicator Unit Total A1-A3 C1 C2 C3 C4 D
OK,India,steel (uncertain),Mild Steel Pipe / Hollow section,Nalwa Special Steel Limited,EPD-IES-0022638:002,1580.0,1.0,tonne,,,7.16,-1010.0,https://www.environdec.com/library/epd22638,,Impact indicators Unit A1-A3 C1 C2 C3 C4 D
OK,India,steel (uncertain),SAWH Coated Steel Pipe,Jindal SAW Limited,EPD-IES-0012014:003 (S-P-12014),1787.33,1000.0,kg,,,34.58,0.0,https://www.environdec.com/library/epd12014,,Indicator Unit Total A1-A3 C1 C2 C3 C4 D
REFUSED,India,steel (uncertain),Steel Structural Hollow Sections from Tata Steel Limited,Tata Steel Limited,EPD-IES-0005020:001 (S-P-05020),,,,,,,,https://www.environdec.com/library/epd5020,no A1-A3 column in header: Parameter Unit A1 A2 A3 C1 C2 C3 C4 D,
REFUSED,India,timber,Samrat Ply,Samrat Plywood Limited,EPD-IES-0022924:005,,,,,,,,https://www.environdec.com/library/epd22924,no GWP row with a readable module header,
OK,India,timber,SomaniPly Plywood,Ecowood Exports Pvt Ltd,EPD-IES-0020172:001,-415.0,1.0,m3,,,872.338,-148.0,https://www.environdec.com/library/epd20172,,Indicator           A1-A3 C1 C2 C3 C4 D
REFUSED,India,timber,WOOD WOOL BOARD - NISHABD STRAND,MECHTRIX ENGINEERS LLP,EPD-IES-0030221:002,,,,,,,,https://www.environdec.com/library/epd30221,no A1-A3 column in header: Unit C1 C2 C3 C4 D,
OK,Indonesia,timber,High Performance Plywood,PT Kayu Lapis Indonesia,EPD-IES-0005867:002 (S-P-05867),-1400.0,1.0,m3,,,2283.1106,222.0,https://www.environdec.com/library/epd5867,,Indicator Unit A1-A3 C1 C2 C3 C4 D
OK,Indonesia,timber,Multi-Purpose Interior Plywood,PT Kayu Lapis Indonesia,EPD-IES-0005463:002 (S-P-05463),-1520.0,1.0,m3,,,2274.5306,222.0,https://www.environdec.com/library/epd5463,,Indicator Unit A1-A3 C1 C2 C3 C4 D
REFUSED,Thailand,timber,SCG Smartwood Wood Plank,SCG,EPD-IES-0013529:001 (S-P-13529),,,,,,,,https://www.environdec.com/library/epd13529,"column mismatch: header has 8 modules, GWP row has 9 numbers",
REFUSED,Thailand,timber,SCG Smartwood Wood Substitute,SCG,EPD-IES-0013530:001 (S-P-13530),,,,,,,,https://www.environdec.com/library/epd13530,"column mismatch: header has 8 modules, GWP row has 9 numbers",
REFUSED,Thailand,timber,SCG WOOD-D,SCG,EPD-IES-0013694:002 (S-P-13694),,,,,,,,https://www.environdec.com/library/epd13694,"column mismatch: header has 8 modules, GWP row has 9 numbers",
